bet_id,match_id,strategy_id,bookmaker_id,market_id,league_id,placed_date_id,settled_date_id,captured_odds,closing_odds,stake,result,payout,pnl,clv,odds_band
B000003,M00002,3,2,3,2,1,4,2.19,2.13,59.33,loss,0.0,-59.33,0.0282,2.01-2.50
B000004,M00003,3,3,3,2,1,4,2.19,2.18,71.52,loss,0.0,-71.52,0.0046,2.01-2.50
B000005,M00003,1,4,2,2,1,4,1.68,1.62,80.48,push,80.48,0.0,0.037,1.51-2.00
B000002,M00002,5,3,1,2,2,4,1.26,1.14,54.2,win,68.29,14.09,0.1053,1.01-1.50
B000017,M00012,2,2,1,4,2,6,1.25,1.31,88.73,loss,0.0,-88.73,-0.0458,1.01-1.50
B000008,M00005,5,3,2,2,3,5,1.86,1.65,74.97,push,74.97,0.0,0.1273,1.51-2.00
B000016,M00012,4,4,1,4,3,6,1.37,1.28,53.22,loss,0.0,-53.22,0.0703,1.01-1.50
B000027,M00017,5,5,2,2,4,7,1.53,1.39,57.64,loss,0.0,-57.64,0.1007,1.51-2.00
B000001,M00001,2,4,3,2,4,4,2.15,2.15,81.86,loss,0.0,-81.86,0.0,2.01-2.50
B000014,M00010,2,2,3,2,4,6,1.98,1.92,69.95,loss,0.0,-69.95,0.0312,1.51-2.00
B000031,M00018,1,5,1,2,4,7,1.23,1.17,73.48,win,90.38,16.9,0.0513,1.01-1.50
B000009,M00006,5,3,3,3,4,6,5.02,4.53,65.66,loss,0.0,-65.66,0.1082,3.01+
B000020,M00013,1,1,1,2,4,6,1.58,1.44,68.35,win,107.99,39.64,0.0972,1.51-2.00
B000021,M00015,5,5,3,4,4,7,7.38,6.35,43.28,win,319.41,276.13,0.1622,3.01+
B000024,M00015,1,3,1,4,4,7,1.38,1.33,81.17,loss,0.0,-81.17,0.0376,1.01-1.50
B000007,M00004,2,1,1,3,4,5,1.14,1.18,56.45,loss,0.0,-56.45,-0.0339,1.01-1.50
B000018,M00013,4,1,3,2,5,6,10.29,9.21,48.05,loss,0.0,-48.05,0.1173,nan
B000037,M00023,5,4,3,3,5,8,4.97,4.49,69.81,loss,0.0,-69.81,0.1069,3.01+
B000012,M00007,1,5,1,3,5,6,1.4,1.34,69.99,loss,0.0,-69.99,0.0448,1.01-1.50
B000011,M00006,1,5,2,3,5,6,3.74,3.71,126.83,loss,0.0,-126.83,0.0081,3.01+
B000006,M00004,3,1,3,3,5,5,1.87,1.75,70.35,win,131.55,61.2,0.0686,1.51-2.00
B000026,M00016,2,5,4,4,5,7,2.19,2.14,102.36,win,224.17,121.81,0.0234,2.01-2.50
B000013,M00010,4,2,1,2,5,6,1.18,1.14,83.11,win,98.07,14.96,0.0351,1.01-1.50
B000028,M00017,2,2,4,2,5,7,1.64,1.84,88.37,win,144.93,56.56,-0.1087,1.51-2.00
B000029,M00018,5,3,3,2,5,7,2.15,1.88,39.66,loss,0.0,-39.66,0.1436,2.01-2.50
B000015,M00011,3,4,3,4,5,6,1.64,1.54,34.25,loss,0.0,-34.25,0.0649,1.51-2.00
B000036,M00022,1,5,2,4,5,8,1.05,1.05,76.75,win,80.59,3.84,0.0,1.01-1.50
B000010,M00006,3,2,4,3,5,6,2.13,2.03,91.52,loss,0.0,-91.52,0.0493,2.01-2.50
B000022,M00015,3,2,2,4,6,7,5.74,5.37,71.52,win,410.52,339.0,0.0689,3.01+
B000030,M00018,2,2,1,2,6,7,1.16,1.16,143.5,win,166.46,22.96,0.0,1.01-1.50
B000019,M00013,2,5,1,2,6,6,1.43,1.5,76.68,win,109.65,32.97,-0.0467,1.01-1.50
B000025,M00016,3,5,3,4,6,7,7.1,6.52,70.79,win,502.61,431.82,0.089,3.01+
B000023,M00015,2,3,3,4,7,7,6.41,6.59,101.5,win,650.62,549.12,-0.0273,3.01+
B000032,M00019,4,4,1,4,7,8,1.49,1.4,76.4,loss,0.0,-76.4,0.0643,1.01-1.50
B000034,M00020,2,4,1,2,8,8,1.1,1.15,127.35,loss,0.0,-127.35,-0.0435,1.01-1.50
B000033,M00019,3,3,1,4,8,8,1.46,1.39,47.42,loss,0.0,-47.42,0.0504,1.01-1.50
B000035,M00022,3,1,3,4,8,8,1.33,1.24,56.44,win,75.07,18.63,0.0726,1.01-1.50
B000039,M00025,5,1,4,2,9,12,2.07,1.91,47.06,win,97.41,50.35,0.0838,2.01-2.50
B000059,M00033,1,5,1,1,9,13,1.14,1.14,109.39,win,124.7,15.31,0.0,1.01-1.50
B000040,M00025,4,1,2,2,9,12,1.61,1.59,60.76,loss,0.0,-60.76,0.0126,1.51-2.00
B000048,M00028,5,2,3,1,9,13,2.34,2.09,53.11,loss,0.0,-53.11,0.1196,2.01-2.50
B000075,M00044,4,4,4,1,9,13,1.95,1.9,62.3,loss,0.0,-62.3,0.0263,1.51-2.00
B000079,M00047,2,5,4,4,9,13,1.59,1.64,81.59,loss,0.0,-81.59,-0.0305,1.51-2.00
B000044,M00026,1,5,1,1,9,13,1.7,1.6,109.21,loss,0.0,-109.21,0.0625,1.51-2.00
B000094,M00052,2,3,3,2,9,13,2.12,2.16,101.97,loss,0.0,-101.97,-0.0185,2.01-2.50
B000065,M00037,1,1,3,3,9,13,3.46,3.34,48.14,loss,0.0,-48.14,0.0359,3.01+
B000064,M00037,2,5,4,3,9,13,1.89,1.98,120.21,loss,0.0,-120.21,-0.0455,1.51-2.00
B000061,M00034,3,2,3,1,9,13,1.28,1.27,74.56,win,95.44,20.88,0.0079,1.01-1.50
B000080,M00048,5,2,1,4,10,13,2.22,2.01,64.52,loss,0.0,-64.52,0.1045,2.01-2.50
B000041,M00025,1,4,2,2,10,12,1.63,1.55,85.04,loss,0.0,-85.04,0.0516,1.51-2.00
B000072,M00043,5,1,3,4,10,13,2.77,2.54,30.87,win,85.51,54.64,0.0906,2.51-3.00
B000087,M00050,5,4,3,2,10,13,2.5,2.22,63.07,loss,0.0,-63.07,0.1261,2.01-2.50
B000038,M00024,1,5,2,2,10,12,1.71,1.59,69.93,loss,0.0,-69.93,0.0755,1.51-2.00
B000055,M00032,5,5,3,1,10,13,1.61,1.46,59.54,loss,0.0,-59.54,0.1027,1.51-2.00
B000069,M00041,2,3,4,4,10,13,1.92,1.9,107.55,win,206.5,98.95,0.0105,1.51-2.00
B000056,M00032,4,4,3,1,10,13,1.49,1.46,39.07,loss,0.0,-39.07,0.0205,1.01-1.50
B000068,M00040,5,5,1,2,10,13,1.22,1.13,42.19,loss,0.0,-42.19,0.0796,1.01-1.50
B000066,M00038,5,4,3,3,10,13,2.31,2.13,68.36,loss,0.0,-68.36,0.0845,2.01-2.50
B000074,M00043,1,3,4,4,10,13,2.08,1.91,83.78,win,174.26,90.48,0.089,2.01-2.50
B000105,M00059,2,4,4,3,10,14,1.61,1.76,40.16,loss,0.0,-40.16,-0.0852,1.51-2.00
B000092,M00051,1,1,4,2,10,13,1.96,1.81,109.9,loss,0.0,-109.9,0.0829,1.51-2.00
B000113,M00063,2,4,3,2,10,14,1.59,1.53,103.67,win,164.84,61.17,0.0392,1.51-2.00
B000070,M00042,5,5,3,4,10,13,3.01,2.69,46.93,win,141.26,94.33,0.119,3.01+
B000093,M00052,3,1,3,2,11,13,2.31,2.2,45.46,loss,0.0,-45.46,0.05,2.01-2.50
B000071,M00042,2,4,3,4,11,13,2.62,2.67,102.53,win,268.63,166.1,-0.0187,2.51-3.00
B000099,M00058,5,1,2,2,11,14,1.16,1.05,69.27,win,80.35,11.08,0.1048,1.01-1.50
B000053,M00029,2,2,4,1,11,13,1.69,1.74,100.19,win,169.32,69.13,-0.0287,1.51-2.00
B000054,M00029,1,2,1,1,11,13,1.47,1.43,137.15,win,201.61,64.46,0.028,1.01-1.50
B000089,M00050,3,3,2,2,11,13,1.73,1.66,51.6,loss,0.0,-51.6,0.0422,1.51-2.00
B000111,M00062,4,4,1,4,11,14,1.2,1.15,67.41,win,80.89,13.48,0.0435,1.01-1.50
B000063,M00035,2,1,4,3,11,13,1.78,1.79,110.58,win,196.83,86.25,-0.0056,1.51-2.00
B000095,M00053,3,3,3,2,11,13,1.75,1.65,38.2,loss,0.0,-38.2,0.0606,1.51-2.00
B000062,M00034,2,1,1,1,11,13,1.52,1.65,71.87,loss,0.0,-71.87,-0.0788,1.51-2.00
B000106,M00059,1,2,4,3,11,14,1.8,1.74,100.85,loss,0.0,-100.85,0.0345,1.51-2.00
B000097,M00055,2,2,1,2,11,13,1.2,1.25,103.72,loss,0.0,-103.72,-0.04,1.01-1.50
B000084,M00049,4,2,4,4,11,13,1.98,1.82,55.09,loss,0.0,-55.09,0.0879,1.51-2.00
B000067,M00039,2,5,1,3,11,13,1.13,1.14,140.11,loss,0.0,-140.11,-0.0088,1.01-1.50
B000051,M00029,5,1,3,1,11,13,1.49,1.34,58.14,win,86.63,28.49,0.1119,1.01-1.50
B000050,M00028,1,1,1,1,11,13,1.26,1.15,81.53,win,102.73,21.2,0.0957,1.01-1.50
B000060,M00034,5,5,4,1,11,13,1.95,1.75,57.58,loss,0.0,-57.58,0.1143,1.51-2.00
B000090,M00050,2,3,2,2,11,13,1.69,1.62,126.81,loss,0.0,-126.81,0.0432,1.51-2.00
B000073,M00043,2,3,1,4,12,13,1.08,1.11,63.83,win,68.94,5.11,-0.027,1.01-1.50
B000083,M00048,1,3,4,4,12,13,1.71,1.66,95.44,loss,0.0,-95.44,0.0301,1.51-2.00
B000076,M00044,2,4,3,1,12,13,2.41,2.4,103.94,win,250.5,146.56,0.0042,2.01-2.50
B000052,M00029,3,1,4,1,12,13,1.88,1.8,94.06,win,176.83,82.77,0.0444,1.51-2.00
B000049,M00028,3,3,2,1,12,13,1.68,1.56,60.03,push,60.03,0.0,0.0769,1.51-2.00
B000101,M00058,2,3,1,2,12,14,2.22,2.19,84.87,loss,0.0,-84.87,0.0137,2.01-2.50
B000120,M00067,4,5,1,4,12,15,1.2,1.16,64.63,win,77.56,12.93,0.0345,1.01-1.50
B000078,M00047,5,2,3,4,12,13,1.35,1.17,59.2,win,79.92,20.72,0.1538,1.01-1.50
B000091,M00051,2,1,4,2,12,13,1.86,1.87,45.06,loss,0.0,-45.06,-0.0053,1.51-2.00
B000046,M00027,3,4,1,1,12,13,1.54,1.44,90.81,win,139.85,49.04,0.0694,1.51-2.00
B000081,M00048,3,4,3,4,12,13,1.2,1.17,61.98,win,74.38,12.4,0.0256,1.01-1.50
B000077,M00046,4,2,2,4,12,13,1.29,1.19,52.68,loss,0.0,-52.68,0.084,1.01-1.50
B000085,M00049,2,3,4,4,12,13,1.72,1.81,135.91,loss,0.0,-135.91,-0.0497,1.51-2.00
B000088,M00050,4,3,4,2,12,13,1.98,1.9,33.96,loss,0.0,-33.96,0.0421,1.51-2.00
B000096,M00053,2,4,1,2,12,13,1.2,1.22,71.34,loss,0.0,-71.34,-0.0164,1.01-1.50
B000042,M00026,5,3,3,1,12,13,1.37,1.22,51.06,win,69.95,18.89,0.123,1.01-1.50
B000118,M00066,5,2,3,4,12,14,1.7,1.54,53.94,win,91.7,37.76,0.1039,1.51-2.00
B000119,M00066,2,1,1,4,12,14,1.2,1.29,107.43,loss,0.0,-107.43,-0.0698,1.01-1.50
B000045,M00027,5,4,3,1,12,13,1.53,1.35,55.92,win,85.56,29.64,0.1333,1.51-2.00
B000057,M00032,2,1,1,1,12,13,1.31,1.36,162.77,win,213.23,50.46,-0.0368,1.01-1.50
B000098,M00056,4,2,2,2,12,13,1.33,1.28,30.37,push,30.37,0.0,0.0391,1.01-1.50
B000117,M00065,1,3,2,4,12,14,1.86,1.81,49.98,loss,0.0,-49.98,0.0276,1.51-2.00
B000102,M00059,5,2,3,3,12,14,1.55,1.39,59.25,win,91.84,32.59,0.1151,1.51-2.00
B000109,M00061,4,5,4,4,12,14,2.12,1.99,82.24,win,174.35,92.11,0.0653,2.01-2.50
B000100,M00058,3,5,2,2,13,14,1.1,1.05,66.97,win,73.67,6.7,0.0476,1.01-1.50
B000082,M00048,2,5,3,4,13,13,1.17,1.15,67.67,win,79.17,11.5,0.0174,1.01-1.50
B000043,M00026,3,4,3,1,13,13,1.25,1.23,42.77,win,53.46,10.69,0.0163,1.01-1.50
B000047,M00027,1,4,1,1,13,13,1.37,1.4,100.42,win,137.58,37.16,-0.0214,1.01-1.50
B000107,M00060,3,5,3,1,13,14,1.51,1.53,39.44,loss,0.0,-39.44,-0.0131,1.51-2.00
B000116,M00065,5,1,2,4,13,14,2.11,1.86,50.16,loss,0.0,-50.16,0.1344,2.01-2.50
B000058,M00033,2,2,1,1,13,13,1.15,1.16,113.71,win,130.77,17.06,-0.0086,1.01-1.50
B000086,M00049,1,3,2,4,13,13,1.23,1.18,81.28,loss,0.0,-81.28,0.0424,1.01-1.50
B000103,M00059,4,1,2,3,13,14,1.2,1.12,61.18,win,73.42,12.24,0.0714,1.01-1.50
B000104,M00059,3,5,3,3,13,14,1.42,1.37,64.3,win,91.31,27.01,0.0365,1.01-1.50
B000115,M00064,2,1,4,2,13,14,1.76,1.77,10.0,win,17.6,7.6,-0.0056,1.51-2.00
B000108,M00061,5,3,3,4,13,14,4.11,3.74,46.38,win,190.62,144.24,0.0989,3.01+
B000112,M00062,3,2,3,4,13,14,3.93,3.73,56.43,win,221.77,165.34,0.0536,3.01+
B000110,M00061,2,1,2,4,14,14,2.88,3.05,73.95,win,212.98,139.03,-0.0557,2.51-3.00
B000114,M00064,5,5,3,2,14,14,1.73,1.55,63.86,win,110.48,46.62,0.1161,1.51-2.00
B000121,M00068,4,1,2,2,15,16,6.88,6.45,64.94,loss,0.0,-64.94,0.0667,3.01+
B000126,M00071,1,1,1,4,16,19,1.19,1.17,97.72,loss,0.0,-97.72,0.0171,1.01-1.50
B000134,M00076,2,4,1,3,16,20,1.14,1.12,112.19,win,127.9,15.71,0.0179,1.01-1.50
B000161,M00091,2,1,4,4,16,20,1.78,1.74,17.22,win,30.65,13.43,0.023,1.51-2.00
B000125,M00070,2,3,4,4,16,19,1.66,1.83,96.01,win,159.38,63.37,-0.0929,1.51-2.00
B000153,M00087,2,2,1,2,17,20,1.07,1.1,51.34,win,54.93,3.59,-0.0273,1.01-1.50
B000122,M00069,2,2,4,2,17,17,1.92,1.91,84.5,win,162.24,77.74,0.0052,1.51-2.00
B000129,M00074,3,2,2,3,17,20,1.83,1.75,48.92,push,48.92,0.0,0.0457,1.51-2.00
B000145,M00083,4,3,3,2,17,20,2.43,2.24,58.03,win,141.01,82.98,0.0848,2.01-2.50
B000160,M00091,3,5,4,4,17,20,1.74,1.76,74.21,win,129.13,54.92,-0.0114,1.51-2.00
B000138,M00078,4,1,1,3,17,20,1.21,1.14,30.64,win,37.07,6.43,0.0614,1.01-1.50
B000141,M00079,1,4,4,4,17,20,1.98,1.87,86.0,loss,0.0,-86.0,0.0588,1.51-2.00
B000136,M00077,4,1,1,4,17,20,1.3,1.22,61.43,win,79.86,18.43,0.0656,1.01-1.50
B000162,M00092,5,2,2,2,17,20,1.81,1.62,73.36,loss,0.0,-73.36,0.1173,1.51-2.00
B000166,M00094,3,2,4,3,17,21,2.11,1.99,54.02,win,113.98,59.96,0.0603,2.01-2.50
B000159,M00090,1,3,4,4,17,20,1.82,1.75,98.6,win,179.45,80.85,0.04,1.51-2.00
B000139,M00079,5,3,3,4,17,20,2.08,1.87,54.11,win,112.55,58.44,0.1123,2.01-2.50
B000127,M00072,4,1,4,4,17,19,1.95,1.86,47.97,win,93.54,45.57,0.0484,1.51-2.00
B000155,M00089,4,1,4,4,17,20,1.96,1.87,69.27,win,135.77,66.5,0.0481,1.51-2.00
B000168,M00095,5,4,4,3,17,21,2.23,2.02,51.22,win,114.22,63.0,0.104,2.01-2.50
B000183,M00104,5,4,3,2,17,21,2.59,2.27,59.5,loss,0.0,-59.5,0.141,2.51-3.00
B000142,M00081,4,3,3,4,18,20,1.93,1.87,46.21,win,89.19,42.98,0.0321,1.51-2.00
B000188,M00106,1,4,1,2,18,21,1.29,1.26,37.44,loss,0.0,-37.44,0.0238,1.01-1.50
B000131,M00075,4,3,4,3,18,20,1.87,1.69,63.41,win,118.58,55.17,0.1065,1.51-2.00
B000143,M00082,5,5,3,2,18,20,2.49,2.25,45.02,loss,0.0,-45.02,0.1067,2.01-2.50
B000133,M00075,1,3,1,3,18,20,1.65,1.57,83.97,win,138.55,54.58,0.051,1.51-2.00
B000137,M00077,2,2,3,4,18,20,1.75,1.75,95.09,loss,0.0,-95.09,0.0,1.51-2.00
B000157,M00090,5,5,1,4,18,20,1.71,1.51,33.29,win,56.93,23.64,0.1325,1.51-2.00
B000190,M00108,1,4,4,4,18,21,1.7,1.7,113.36,loss,0.0,-113.36,0.0,1.51-2.00
B000164,M00092,1,5,1,2,18,20,1.19,1.16,96.32,loss,0.0,-96.32,0.0259,1.01-1.50
B000151,M00086,3,2,2,2,18,20,1.7,1.71,66.3,win,112.71,46.41,-0.0058,1.51-2.00
B000170,M00095,3,4,2,3,18,21,3.5,3.27,71.07,win,248.74,177.67,0.0703,3.01+
B000123,M00070,5,5,3,4,18,19,2.0,1.85,44.55,win,89.1,44.55,0.0811,1.51-2.00
B000185,M00105,4,5,4,2,18,21,2.03,1.95,64.52,loss,0.0,-64.52,0.041,2.01-2.50
B000163,M00092,4,3,4,2,18,20,1.98,1.88,52.15,loss,0.0,-52.15,0.0532,1.51-2.00
B000181,M00102,2,1,1,2,19,21,1.05,1.1,107.87,loss,0.0,-107.87,-0.0455,1.01-1.50
B000177,M00099,3,4,3,4,19,21,1.67,1.56,78.82,loss,0.0,-78.82,0.0705,1.51-2.00
B000124,M00070,3,1,3,4,19,19,2.0,1.89,69.74,win,139.48,69.74,0.0582,1.51-2.00
B000135,M00076,1,1,1,3,19,20,1.09,1.1,62.52,win,68.15,5.63,-0.0091,1.01-1.50
B000154,M00088,1,4,4,2,19,20,1.98,1.95,101.99,win,201.94,99.95,0.0154,1.51-2.00
B000165,M00093,4,4,2,2,19,20,1.76,1.58,66.56,loss,0.0,-66.56,0.1139,1.51-2.00
B000156,M00089,1,5,2,4,19,20,1.31,1.3,80.51,push,80.51,0.0,0.0077,1.01-1.50
B000175,M00098,1,5,1,2,19,21,1.22,1.14,110.09,win,134.31,24.22,0.0702,1.01-1.50
B000148,M00084,2,3,3,2,19,20,2.31,2.28,81.31,win,187.83,106.52,0.0132,2.01-2.50
B000171,M00095,1,2,1,3,19,21,1.24,1.19,112.42,win,139.4,26.98,0.042,1.01-1.50
B000128,M00074,4,1,1,3,19,20,1.23,1.14,57.85,win,71.16,13.31,0.0789,1.01-1.50
B000150,M00086,4,4,4,2,19,20,2.03,1.87,67.93,win,137.9,69.97,0.0856,2.01-2.50
B000144,M00083,5,4,4,2,19,20,2.09,1.91,61.33,win,128.18,66.85,0.0942,2.01-2.50
B000158,M00090,2,5,1,4,19,20,1.53,1.45,118.08,win,180.66,62.58,0.0552,1.51-2.00
B000132,M00075,3,2,2,3,19,20,1.09,1.05,44.03,win,47.99,3.96,0.0381,1.01-1.50
B000184,M00105,5,1,3,2,19,21,2.53,2.27,48.84,loss,0.0,-48.84,0.1145,2.51-3.00
B000140,M00079,2,1,3,4,19,20,1.84,1.83,108.25,win,199.18,90.93,0.0055,1.51-2.00
B000180,M00101,5,4,2,2,19,21,1.82,1.66,51.74,loss,0.0,-51.74,0.0964,1.51-2.00
B000147,M00084,5,3,3,2,19,20,2.54,2.27,53.98,win,137.11,83.13,0.1189,2.51-3.00
B000189,M00108,4,3,3,4,19,21,1.37,1.26,64.33,loss,0.0,-64.33,0.0873,1.01-1.50
B000176,M00099,5,3,3,4,19,21,1.71,1.54,52.83,loss,0.0,-52.83,0.1104,1.51-2.00
B000172,M00096,2,4,4,1,19,21,1.81,1.92,104.42,win,189.0,84.58,-0.0573,1.51-2.00
B000179,M00100,2,5,4,4,19,21,1.74,1.86,135.28,loss,0.0,-135.28,-0.0645,1.51-2.00
B000130,M00075,5,1,2,3,19,20,1.14,1.05,45.87,win,52.29,6.42,0.0857,1.01-1.50
B000152,M00086,2,3,1,2,20,20,1.13,1.13,138.45,win,156.45,18.0,0.0,1.01-1.50
B000149,M00085,4,4,3,2,20,20,2.34,2.25,78.55,win,183.81,105.26,0.04,2.01-2.50
B000169,M00095,4,2,2,3,20,21,3.64,3.37,44.22,win,160.96,116.74,0.0801,3.01+
B000146,M00083,2,3,2,2,20,20,1.82,1.73,60.62,win,110.33,49.71,0.052,1.51-2.00
B000191,M00109,4,1,4,4,20,21,1.83,1.72,35.07,loss,0.0,-35.07,0.064,1.51-2.00
B000173,M00097,3,5,3,2,20,21,1.67,1.57,62.26,win,103.97,41.71,0.0637,1.51-2.00
B000178,M00099,1,1,2,4,20,21,1.23,1.25,85.21,loss,0.0,-85.21,-0.016,1.01-1.50
B000192,M00109,2,2,3,4,20,21,1.24,1.29,84.77,loss,0.0,-84.77,-0.0388,1.01-1.50
B000174,M00098,5,2,3,2,20,21,2.25,2.05,61.95,win,139.39,77.44,0.0976,2.01-2.50
B000186,M00106,4,4,4,2,20,21,1.98,1.83,30.5,loss,0.0,-30.5,0.082,1.51-2.00
B000182,M00103,2,2,1,2,21,21,1.12,1.14,31.71,loss,0.0,-31.71,-0.0175,1.01-1.50
B000187,M00106,2,2,3,2,21,21,1.61,1.59,39.07,loss,0.0,-39.07,0.0126,1.51-2.00
B000167,M00094,2,2,2,3,21,21,3.05,3.26,104.87,win,319.85,214.98,-0.0644,3.01+
B000196,M00111,4,2,4,2,22,26,2.08,1.89,57.86,win,120.35,62.49,0.1005,2.01-2.50
B000194,M00110,1,2,4,3,22,26,2.14,2.03,45.08,win,96.47,51.39,0.0542,2.01-2.50
B000209,M00120,2,3,4,3,22,26,1.74,1.88,56.31,win,97.98,41.67,-0.0745,1.51-2.00
B000203,M00115,2,4,1,1,22,26,1.13,1.11,95.23,win,107.61,12.38,0.018,1.01-1.50
B000212,M00123,5,4,2,3,23,26,1.19,1.08,61.06,push,61.06,0.0,0.1019,1.01-1.50
B000231,M00134,3,3,3,3,23,26,1.49,1.41,78.08,win,116.34,38.26,0.0567,1.01-1.50
B000206,M00119,4,1,4,3,23,26,1.96,1.86,58.75,win,115.15,56.4,0.0538,1.51-2.00
B000202,M00114,2,1,2,1,23,26,1.43,1.38,105.5,loss,0.0,-105.5,0.0362,1.01-1.50
B000193,M00110,4,2,3,3,23,26,3.81,3.59,61.96,loss,0.0,-61.96,0.0613,3.01+
B000225,M00131,1,1,1,3,23,26,1.45,1.37,114.29,win,165.72,51.43,0.0584,1.01-1.50
B000195,M00111,5,1,2,2,23,26,1.45,1.34,42.38,loss,0.0,-42.38,0.0821,1.01-1.50
B000215,M00124,2,3,3,3,23,26,1.29,1.33,136.37,loss,0.0,-136.37,-0.0301,1.01-1.50
B000210,M00121,4,3,4,3,23,26,1.84,1.79,62.85,loss,0.0,-62.85,0.0279,1.51-2.00
B000197,M00111,2,2,4,2,23,26,1.89,1.86,67.42,win,127.42,60.0,0.0161,1.51-2.00
B000198,M00113,2,4,1,1,23,26,1.17,1.14,55.19,win,64.57,9.38,0.0263,1.01-1.50
B000208,M00120,5,5,3,3,23,26,1.92,1.7,48.6,win,93.31,44.71,0.1294,1.51-2.00
B000236,M00137,5,3,2,4,23,27,1.25,1.12,50.3,push,50.3,0.0,0.1161,1.01-1.50
B000205,M00117,3,2,1,3,23,26,1.41,1.39,70.83,loss,0.0,-70.83,0.0144,1.01-1.50
B000218,M00126,4,1,1,3,23,26,1.44,1.38,45.27,loss,0.0,-45.27,0.0435,1.01-1.50
B000251,M00144,5,1,3,1,23,27,1.65,1.49,48.4,loss,0.0,-48.4,0.1074,1.51-2.00
B000220,M00127,2,1,4,3,24,26,1.84,1.82,97.67,win,179.71,82.04,0.011,1.51-2.00
B000214,M00123,3,1,2,3,24,26,1.15,1.09,63.64,push,63.64,0.0,0.055,1.01-1.50
B000233,M00136,5,3,4,3,24,26,2.12,1.9,39.39,loss,0.0,-39.39,0.1158,2.01-2.50
B000242,M00140,2,4,4,2,24,27,1.93,2.04,120.43,win,232.43,112.0,-0.0539,1.51-2.00
B000252,M00145,5,1,4,4,24,27,2.31,2.06,28.98,win,66.94,37.96,0.1214,2.01-2.50
B000250,M00143,2,4,4,1,24,27,1.7,1.81,144.76,win,246.09,101.33,-0.0608,1.51-2.00
B000234,M00136,3,1,3,3,24,26,2.34,2.24,56.28,loss,0.0,-56.28,0.0446,2.01-2.50
B000226,M00132,2,1,4,2,24,26,1.83,1.86,101.15,loss,0.0,-101.15,-0.0161,1.51-2.00
B000228,M00133,3,5,1,3,24,26,1.48,1.39,55.38,win,81.96,26.58,0.0647,1.01-1.50
B000248,M00142,1,2,1,2,24,27,1.27,1.22,77.99,win,99.05,21.06,0.041,1.01-1.50
B000261,M00151,3,3,2,2,24,27,1.15,1.11,76.58,win,88.07,11.49,0.036,1.01-1.50
B000260,M00149,5,2,3,4,24,27,4.64,4.13,54.05,loss,0.0,-54.05,0.1235,3.01+
B000219,M00126,2,2,3,3,24,26,1.31,1.36,97.02,loss,0.0,-97.02,-0.0368,1.01-1.50
B000230,M00134,5,2,4,3,24,26,2.03,1.79,65.24,win,132.44,67.2,0.1341,2.01-2.50
B000241,M00140,4,1,3,2,24,27,4.72,4.5,88.01,loss,0.0,-88.01,0.0489,3.01+
B000201,M00114,4,1,2,1,24,26,1.56,1.44,60.65,loss,0.0,-60.65,0.0833,1.51-2.00
B000223,M00129,2,2,1,4,24,26,1.05,1.09,108.36,loss,0.0,-108.36,-0.0367,1.01-1.50
B000237,M00137,1,4,2,4,25,27,1.1,1.09,102.56,push,102.56,0.0,0.0092,1.01-1.50
B000245,M00141,2,1,3,2,25,27,4.53,4.49,41.99,loss,0.0,-41.99,0.0089,3.01+
B000207,M00119,1,2,1,3,25,26,1.26,1.21,64.03,win,80.68,16.65,0.0413,1.01-1.50
B000216,M00125,2,2,1,3,25,26,1.41,1.48,77.67,loss,0.0,-77.67,-0.0473,1.01-1.50
B000232,M00135,2,1,4,2,25,26,2.1,2.08,134.82,loss,0.0,-134.82,0.0096,2.01-2.50
B000199,M00113,1,2,1,1,25,26,1.13,1.1,71.56,win,80.86,9.3,0.0273,1.01-1.50
B000263,M00152,2,4,4,4,25,28,1.69,1.71,116.63,win,197.1,80.47,-0.0117,1.51-2.00
B000217,M00125,1,2,1,3,25,26,1.58,1.46,129.89,loss,0.0,-129.89,0.0822,1.51-2.00
B000249,M00143,3,5,3,1,25,27,1.52,1.5,81.84,loss,0.0,-81.84,0.0133,1.51-2.00
B000200,M00114,5,4,3,1,25,26,2.06,1.88,60.32,loss,0.0,-60.32,0.0957,2.01-2.50
B000204,M00116,2,5,3,1,25,26,1.39,1.42,127.75,loss,0.0,-127.75,-0.0211,1.01-1.50
B000243,M00141,4,1,2,2,25,27,3.87,3.64,49.72,loss,0.0,-49.72,0.0632,3.01+
B000224,M00130,2,2,3,1,25,26,18.51,19.17,113.6,loss,0.0,-113.6,-0.0344,nan
B000257,M00148,4,5,4,4,25,27,2.25,2.06,59.55,loss,0.0,-59.55,0.0922,2.01-2.50
B000211,M00122,2,2,1,3,25,26,1.16,1.21,31.28,win,36.28,5.0,-0.0413,1.01-1.50
B000239,M00139,4,1,3,4,25,27,1.48,1.34,41.1,loss,0.0,-41.1,0.1045,1.01-1.50
B000246,M00141,1,2,4,2,25,27,2.08,2.05,80.68,win,167.81,87.13,0.0146,2.01-2.50
B000222,M00129,3,5,4,4,25,26,1.97,1.9,64.4,loss,0.0,-64.4,0.0368,1.51-2.00
B000213,M00123,4,4,3,3,25,26,1.57,1.4,75.78,loss,0.0,-75.78,0.1214,1.51-2.00
B000235,M00136,2,4,4,3,25,26,1.81,1.88,125.0,loss,0.0,-125.0,-0.0372,1.51-2.00
B000227,M00133,4,3,3,3,26,26,1.49,1.44,41.66,win,62.07,20.41,0.0347,1.01-1.50
B000247,M00142,3,1,4,2,26,27,2.08,2.05,70.86,win,147.39,76.53,0.0146,2.01-2.50
B000221,M00129,5,4,3,4,26,26,2.89,2.59,51.99,loss,0.0,-51.99,0.1158,2.51-3.00
B000259,M00148,1,3,4,4,26,27,2.06,2.05,88.96,loss,0.0,-88.96,0.0049,2.01-2.50
B000255,M00147,5,3,2,2,26,27,1.94,1.78,66.59,loss,0.0,-66.59,0.0899,1.51-2.00
B000229,M00133,1,4,3,3,26,26,1.45,1.41,102.96,win,149.29,46.33,0.0284,1.01-1.50
B000240,M00139,2,1,2,4,26,27,1.05,1.09,97.66,push,97.66,0.0,-0.0367,1.01-1.50
B000254,M00146,5,2,1,2,26,27,1.27,1.13,74.16,win,94.18,20.02,0.1239,1.01-1.50
B000265,M00153,1,4,2,2,26,29,1.13,1.12,72.27,win,81.67,9.4,0.0089,1.01-1.50
B000244,M00141,3,3,3,2,26,27,4.79,4.48,61.46,loss,0.0,-61.46,0.0692,3.01+
B000256,M00147,4,2,1,2,27,27,1.16,1.1,34.66,win,40.21,5.55,0.0545,1.01-1.50
B000262,M00152,3,5,3,4,27,28,1.32,1.23,67.98,win,89.73,21.75,0.0732,1.01-1.50
B000264,M00152,1,4,1,4,27,28,1.81,1.76,84.25,win,152.49,68.24,0.0284,1.51-2.00
B000238,M00138,5,1,1,3,27,27,1.45,1.35,66.29,loss,0.0,-66.29,0.0741,1.01-1.50
B000268,M00155,4,2,2,2,27,30,1.51,1.4,48.67,win,73.49,24.82,0.0786,1.51-2.00
B000258,M00148,2,5,3,4,27,27,4.16,4.28,96.58,loss,0.0,-96.58,-0.028,3.01+
B000253,M00145,1,4,4,4,27,27,2.18,2.07,69.82,win,152.21,82.39,0.0531,2.01-2.50
B000267,M00154,1,4,1,2,27,30,1.26,1.22,78.6,win,99.04,20.44,0.0328,1.01-1.50
B000266,M00154,4,2,1,2,28,30,1.28,1.21,97.86,win,125.26,27.4,0.0579,1.01-1.50
B000275,M00158,2,2,1,4,28,32,1.09,1.13,107.25,loss,0.0,-107.25,-0.0354,1.01-1.50
B000294,M00166,5,4,2,2,28,32,1.68,1.49,63.44,win,106.58,43.14,0.1275,1.51-2.00
B000280,M00160,1,4,4,1,28,32,1.92,1.94,100.74,win,193.42,92.68,-0.0103,1.51-2.00
B000270,M00156,4,3,3,4,29,32,3.27,3.1,48.09,loss,0.0,-48.09,0.0548,3.01+
B000271,M00156,2,3,3,4,29,32,3.2,3.2,109.22,loss,0.0,-109.22,0.0,3.01+
B000293,M00165,1,5,1,2,29,32,1.24,1.19,79.26,win,98.28,19.02,0.042,1.01-1.50
B000288,M00164,4,1,2,4,29,32,2.72,2.56,53.14,loss,0.0,-53.14,0.0625,2.51-3.00
B000301,M00168,1,4,1,1,29,33,1.45,1.38,104.71,loss,0.0,-104.71,0.0507,1.01-1.50
B000308,M00172,1,5,1,1,29,33,1.37,1.29,77.15,win,105.7,28.55,0.062,1.01-1.50
B000281,M00161,5,4,3,1,29,32,3.18,2.87,66.66,loss,0.0,-66.66,0.108,3.01+
B000310,M00174,5,3,3,3,29,33,1.83,1.66,55.9,loss,0.0,-55.9,0.1024,1.51-2.00
B000276,M00158,1,5,1,4,29,32,1.18,1.1,119.12,loss,0.0,-119.12,0.0727,1.01-1.50
B000279,M00160,3,1,3,1,29,32,2.92,2.85,64.41,loss,0.0,-64.41,0.0246,2.51-3.00
B000321,M00180,1,1,4,3,29,33,1.86,1.77,93.89,win,174.64,80.75,0.0508,1.51-2.00
B000286,M00163,1,4,1,1,29,32,1.19,1.08,101.36,win,120.62,19.26,0.1019,1.01-1.50
B000313,M00175,4,4,2,3,30,33,1.37,1.28,31.56,push,31.56,0.0,0.0703,1.01-1.50
B000269,M00155,2,1,3,2,30,30,1.77,1.77,131.43,win,232.63,101.2,0.0,1.51-2.00
B000305,M00171,5,5,1,1,30,33,1.21,1.1,48.68,loss,0.0,-48.68,0.1,1.01-1.50
B000295,M00166,2,2,3,2,30,32,1.83,1.88,75.63,win,138.4,62.77,-0.0266,1.51-2.00
B000296,M00166,1,1,1,2,30,32,1.19,1.16,84.35,win,100.38,16.03,0.0259,1.01-1.50
B000285,M00163,3,4,3,1,30,32,3.04,2.81,65.2,loss,0.0,-65.2,0.0819,3.01+
B000277,M00159,4,4,1,4,30,32,1.15,1.11,61.3,loss,0.0,-61.3,0.036,1.01-1.50
B000335,M00191,5,3,4,1,30,34,2.05,1.88,53.2,win,109.06,55.86,0.0904,2.01-2.50
B000334,M00190,1,5,1,1,30,34,1.22,1.25,108.3,win,132.13,23.83,-0.024,1.01-1.50
B000345,M00196,4,2,1,3,30,34,1.25,1.18,59.64,win,74.55,14.91,0.0593,1.01-1.50
B000331,M00189,1,4,1,1,30,34,1.28,1.24,105.08,win,134.5,29.42,0.0323,1.01-1.50
B000282,M00161,2,5,4,1,30,32,1.97,1.98,101.91,win,200.76,98.85,-0.0051,1.51-2.00
B000318,M00178,3,3,3,3,30,33,1.33,1.26,56.2,win,74.75,18.55,0.0556,1.01-1.50
B000289,M00164,2,1,4,4,30,32,2.06,1.96,95.37,win,196.46,101.09,0.051,2.01-2.50
B000300,M00168,3,5,1,1,31,33,1.43,1.37,76.86,loss,0.0,-76.86,0.0438,1.01-1.50
B000353,M00200,2,2,1,1,31,34,1.11,1.09,113.92,loss,0.0,-113.92,0.0183,1.01-1.50
B000274,M00157,2,1,3,4,31,32,3.13,3.21,95.39,loss,0.0,-95.39,-0.0249,3.01+
B000284,M00163,4,4,3,1,31,32,3.08,2.87,17.11,loss,0.0,-17.11,0.0732,3.01+
B000273,M00157,3,5,3,4,31,32,3.38,3.16,51.03,loss,0.0,-51.03,0.0696,3.01+
B000342,M00195,5,2,2,1,31,34,1.5,1.35,43.6,win,65.4,21.8,0.1111,1.01-1.50
B000303,M00169,2,1,1,1,31,33,1.12,1.1,102.87,loss,0.0,-102.87,0.0182,1.01-1.50
B000314,M00175,1,5,2,3,31,33,1.33,1.29,77.79,push,77.79,0.0,0.031,1.01-1.50
B000328,M00186,1,2,4,4,31,34,2.0,1.93,105.94,win,211.88,105.94,0.0363,1.51-2.00
B000272,M00156,1,4,1,4,31,32,1.09,1.12,57.95,loss,0.0,-57.95,-0.0268,1.01-1.50
B000291,M00165,3,4,3,2,31,32,2.04,1.92,83.87,win,171.09,87.22,0.0625,2.01-2.50
B000292,M00165,2,5,3,2,31,32,1.76,1.95,136.16,win,239.64,103.48,-0.0974,1.51-2.00
B000312,M00175,5,2,3,3,31,33,1.89,1.7,50.39,loss,0.0,-50.39,0.1118,1.51-2.00
B000302,M00169,3,1,3,1,31,33,2.98,2.92,58.37,loss,0.0,-58.37,0.0205,2.51-3.00
B000324,M00183,2,5,2,1,31,33,1.18,1.18,44.33,win,52.31,7.98,0.0,1.01-1.50
B000316,M00176,1,3,4,3,31,33,1.98,1.93,31.76,loss,0.0,-31.76,0.0259,1.51-2.00
B000304,M00170,2,5,3,1,31,33,2.76,2.87,69.77,loss,0.0,-69.77,-0.0383,2.51-3.00
B000315,M00176,2,4,3,3,31,33,2.51,2.48,75.35,loss,0.0,-75.35,0.0121,2.51-3.00
B000298,M00167,2,5,4,2,31,33,2.01,1.97,84.14,loss,0.0,-84.14,0.0203,2.01-2.50
B000327,M00185,5,2,2,4,31,34,1.35,1.2,46.67,win,63.0,16.33,0.125,1.01-1.50
B000309,M00173,2,1,1,3,31,33,1.49,1.54,116.53,loss,0.0,-116.53,-0.0325,1.01-1.50
B000336,M00191,2,2,3,1,31,34,1.61,1.63,83.81,win,134.93,51.12,-0.0123,1.51-2.00
B000350,M00198,3,3,2,4,31,34,1.56,1.46,76.55,win,119.42,42.87,0.0685,1.51-2.00
B000333,M00190,2,3,1,1,31,34,1.21,1.24,140.93,win,170.53,29.6,-0.0242,1.01-1.50
B000338,M00192,4,2,4,2,31,34,1.9,1.85,66.36,win,126.08,59.72,0.027,1.51-2.00
B000278,M00160,4,1,4,1,31,32,2.08,1.93,66.79,win,138.92,72.13,0.0777,2.01-2.50
B000283,M00162,3,4,3,1,31,32,3.03,2.83,74.13,loss,0.0,-74.13,0.0707,3.01+
B000344,M00195,1,2,1,1,31,34,1.21,1.21,76.27,win,92.29,16.02,0.0,1.01-1.50
B000307,M00172,3,2,3,1,32,33,1.59,1.51,61.36,loss,0.0,-61.36,0.053,1.51-2.00
B000320,M00180,5,5,4,3,32,33,2.0,1.77,60.42,win,120.84,60.42,0.1299,1.51-2.00
B000297,M00167,4,1,4,2,32,33,2.16,1.95,81.98,loss,0.0,-81.98,0.1077,2.01-2.50
B000352,M00199,2,2,3,4,32,34,1.91,1.92,97.65,win,186.51,88.86,-0.0052,1.51-2.00
B000287,M00164,5,1,3,4,32,32,3.51,3.18,66.65,loss,0.0,-66.65,0.1038,3.01+
B000337,M00192,5,4,3,2,32,34,1.98,1.8,59.85,win,118.5,58.65,0.1,1.51-2.00
B000290,M00165,5,5,2,2,32,32,1.62,1.46,59.96,win,97.14,37.18,0.1096,1.51-2.00
B000323,M00182,2,4,1,3,32,33,1.12,1.11,135.18,loss,0.0,-135.18,0.009,1.01-1.50
B000311,M00174,2,1,3,3,32,33,1.62,1.66,61.71,loss,0.0,-61.71,-0.0241,1.51-2.00
B000329,M00187,2,2,4,4,32,34,1.84,1.91,84.02,win,154.6,70.58,-0.0366,1.51-2.00
B000356,M00201,1,2,1,4,32,34,1.41,1.39,47.83,win,67.44,19.61,0.0144,1.01-1.50
B000306,M00172,4,2,3,1,32,33,1.63,1.54,59.76,loss,0.0,-59.76,0.0584,1.51-2.00
B000326,M00184,2,2,1,2,32,33,1.06,1.08,104.51,loss,0.0,-104.51,-0.0185,1.01-1.50
B000362,M00204,4,1,1,2,32,36,1.29,1.2,55.25,loss,0.0,-55.25,0.075,1.01-1.50
B000299,M00167,1,1,2,2,32,33,1.97,1.92,115.04,push,115.04,0.0,0.026,1.51-2.00
B000358,M00202,3,5,3,2,32,36,1.36,1.35,102.41,win,139.28,36.87,0.0074,1.01-1.50
B000355,M00201,2,5,1,4,32,34,1.3,1.39,77.24,win,100.41,23.17,-0.0647,1.01-1.50
B000354,M00201,4,3,3,4,33,34,1.57,1.44,46.25,loss,0.0,-46.25,0.0903,1.51-2.00
B000339,M00192,3,5,1,2,33,34,1.2,1.18,67.12,win,80.54,13.42,0.0169,1.01-1.50
B000325,M00183,1,5,4,1,33,33,1.86,1.8,78.39,loss,0.0,-78.39,0.0333,1.51-2.00
B000364,M00204,1,1,1,2,33,36,1.13,1.16,65.09,loss,0.0,-65.09,-0.0259,1.01-1.50
B000317,M00177,5,5,1,3,33,33,1.53,1.36,59.84,win,91.56,31.72,0.125,1.51-2.00
B000319,M00179,1,2,2,3,33,33,1.14,1.05,95.01,win,108.31,13.3,0.0857,1.01-1.50
B000322,M00181,2,3,1,3,33,33,1.37,1.3,46.42,win,63.6,17.18,0.0538,1.01-1.50
B000330,M00189,2,1,1,1,33,34,1.26,1.22,72.13,win,90.88,18.75,0.0328,1.01-1.50
B000348,M00197,1,3,1,1,33,34,1.2,1.21,94.05,win,112.86,18.81,-0.0083,1.01-1.50
B000340,M00192,2,5,3,2,33,34,1.66,1.77,66.1,win,109.73,43.63,-0.0621,1.51-2.00
B000363,M00204,3,2,4,2,33,36,2.11,1.87,48.71,loss,0.0,-48.71,0.1283,2.01-2.50
B000361,M00203,1,4,1,2,34,36,1.46,1.42,111.48,win,162.76,51.28,0.0282,1.01-1.50
B000343,M00195,2,3,3,1,34,34,1.73,1.75,131.12,win,226.84,95.72,-0.0114,1.51-2.00
B000346,M00197,3,1,4,1,34,34,2.01,1.87,82.4,win,165.62,83.22,0.0749,2.01-2.50
B000376,M00209,3,1,1,2,34,37,2.04,1.91,60.58,loss,0.0,-60.58,0.0681,2.01-2.50
B000370,M00206,3,4,3,2,34,36,1.35,1.25,65.3,win,88.16,22.86,0.08,1.01-1.50
B000341,M00194,3,4,3,3,34,34,1.85,1.75,62.36,loss,0.0,-62.36,0.0571,1.51-2.00
B000332,M00190,4,3,1,1,34,34,1.35,1.24,51.81,win,69.94,18.13,0.0887,1.01-1.50
B000347,M00197,2,4,3,1,34,34,1.6,1.69,105.96,win,169.54,63.58,-0.0533,1.51-2.00
B000349,M00198,5,1,1,4,34,34,1.24,1.15,49.66,loss,0.0,-49.66,0.0783,1.01-1.50
B000351,M00199,3,1,3,4,34,34,1.99,1.87,49.84,win,99.18,49.34,0.0642,1.51-2.00
B000371,M00207,1,1,3,2,34,36,1.25,1.25,100.07,win,125.09,25.02,0.0,1.01-1.50
B000372,M00208,4,1,4,2,34,37,1.93,1.77,71.21,loss,0.0,-71.21,0.0904,1.51-2.00
B000366,M00205,4,1,3,2,34,36,1.48,1.36,75.97,win,112.44,36.47,0.0882,1.01-1.50
B000360,M00203,5,3,2,2,35,36,1.22,1.08,60.8,win,74.18,13.38,0.1296,1.01-1.50
B000368,M00205,1,2,3,2,35,36,1.34,1.33,65.43,win,87.68,22.25,0.0075,1.01-1.50
B000369,M00206,5,4,4,2,35,36,1.91,1.7,49.4,win,94.35,44.95,0.1235,1.51-2.00
B000357,M00202,4,2,4,2,35,36,1.96,1.8,45.56,win,89.3,43.74,0.0889,1.51-2.00
B000359,M00202,2,3,2,2,35,36,1.08,1.08,91.99,win,99.35,7.36,0.0,1.01-1.50
B000367,M00205,2,4,1,2,35,36,1.35,1.39,72.11,win,97.35,25.24,-0.0288,1.01-1.50
B000380,M00211,2,1,1,1,36,39,1.53,1.56,138.27,win,211.55,73.28,-0.0192,1.51-2.00
B000379,M00210,1,3,4,2,36,38,1.95,1.93,82.62,loss,0.0,-82.62,0.0104,1.51-2.00
B000365,M00205,5,1,3,2,36,36,1.43,1.32,49.63,win,70.97,21.34,0.0833,1.01-1.50
B000375,M00209,4,2,1,2,36,37,1.98,1.84,82.4,loss,0.0,-82.4,0.0761,1.51-2.00
B000395,M00220,2,2,1,1,36,40,1.56,1.48,111.56,loss,0.0,-111.56,0.0541,1.51-2.00
B000373,M00208,2,4,1,2,36,37,1.33,1.3,124.58,loss,0.0,-124.58,0.0231,1.01-1.50
B000382,M00213,2,4,3,4,36,39,1.21,1.25,129.97,win,157.26,27.29,-0.032,1.01-1.50
B000411,M00229,2,4,4,2,36,40,1.69,1.83,43.36,win,73.28,29.92,-0.0765,1.51-2.00
B000399,M00222,3,3,3,3,36,40,1.9,1.79,54.11,loss,0.0,-54.11,0.0615,1.51-2.00
B000393,M00220,4,1,3,1,36,40,1.36,1.31,47.32,loss,0.0,-47.32,0.0382,1.01-1.50
B000416,M00232,2,3,4,1,37,40,1.72,1.73,140.13,loss,0.0,-140.13,-0.0058,1.51-2.00
B000374,M00209,5,4,1,2,37,37,2.03,1.85,71.43,loss,0.0,-71.43,0.0973,2.01-2.50
B000383,M00214,2,4,1,4,37,39,1.62,1.61,161.07,loss,0.0,-161.07,0.0062,1.51-2.00
B000386,M00216,4,1,2,1,37,40,1.25,1.15,42.79,win,53.49,10.7,0.087,1.01-1.50
B000402,M00224,5,4,2,3,37,40,1.35,1.21,57.7,push,57.7,0.0,0.1157,1.01-1.50
B000408,M00227,5,5,3,2,37,40,2.12,1.91,65.59,loss,0.0,-65.59,0.1099,2.01-2.50
B000377,M00210,4,2,3,2,37,38,2.32,2.23,59.62,loss,0.0,-59.62,0.0404,2.01-2.50
B000423,M00236,2,2,1,2,37,41,1.11,1.16,126.79,win,140.74,13.95,-0.0431,1.01-1.50
B000390,M00218,3,2,3,1,37,40,1.5,1.35,67.56,win,101.34,33.78,0.1111,1.01-1.50
B000442,M00248,2,5,4,3,37,41,1.84,2.01,134.79,win,248.01,113.22,-0.0846,1.51-2.00
B000378,M00210,2,2,3,2,37,38,2.13,2.22,151.88,loss,0.0,-151.88,-0.0405,2.01-2.50
B000407,M00226,1,4,3,3,37,40,1.89,1.85,50.03,loss,0.0,-50.03,0.0216,1.51-2.00
B000421,M00235,2,1,3,4,37,41,2.43,2.39,122.33,loss,0.0,-122.33,0.0167,2.01-2.50
B000420,M00235,4,4,4,4,37,41,2.14,1.97,66.19,win,141.65,75.46,0.0863,2.01-2.50
B000433,M00243,2,3,1,4,37,41,1.29,1.28,75.03,win,96.79,21.76,0.0078,1.01-1.50
B000409,M00228,2,1,3,4,38,40,5.21,5.25,123.58,loss,0.0,-123.58,-0.0076,3.01+
B000394,M00220,3,4,1,1,38,40,1.59,1.48,53.24,loss,0.0,-53.24,0.0743,1.51-2.00
B000410,M00228,1,4,1,4,38,40,1.25,1.25,102.37,loss,0.0,-102.37,0.0,1.01-1.50
B000392,M00219,1,4,3,1,38,40,1.6,1.51,69.74,loss,0.0,-69.74,0.0596,1.51-2.00
B000441,M00248,4,2,3,3,38,41,3.15,2.94,40.22,loss,0.0,-40.22,0.0714,3.01+
B000405,M00224,1,5,2,3,38,40,1.2,1.2,53.86,push,53.86,0.0,0.0,1.01-1.50
B000384,M00215,2,1,4,1,38,40,1.67,1.83,60.69,win,101.35,40.66,-0.0874,1.51-2.00
B000419,M00234,2,2,4,3,38,40,2.08,2.04,83.63,win,173.95,90.32,0.0196,2.01-2.50
B000443,M00251,4,2,2,2,38,41,2.25,2.05,70.26,push,70.26,0.0,0.0976,2.01-2.50
B000381,M00212,1,3,4,4,38,39,1.79,1.71,115.8,win,207.28,91.48,0.0468,1.51-2.00
B000403,M00224,3,2,1,3,38,40,1.42,1.27,61.05,win,86.69,25.64,0.1181,1.01-1.50
B000417,M00233,5,1,3,2,38,40,1.88,1.72,65.81,win,123.72,57.91,0.093,1.51-2.00
B000438,M00247,5,5,4,3,38,41,2.25,1.97,74.82,win,168.34,93.52,0.1421,2.01-2.50
B000424,M00236,1,4,4,2,38,41,1.99,1.89,100.02,loss,0.0,-100.02,0.0529,1.51-2.00
B000435,M00245,3,2,2,2,38,41,1.39,1.32,79.17,push,79.17,0.0,0.053,1.01-1.50
B000430,M00241,4,4,1,4,38,41,1.43,1.34,51.48,win,73.62,22.14,0.0672,1.01-1.50
B000437,M00246,3,1,2,1,38,41,1.67,1.54,59.89,loss,0.0,-59.89,0.0844,1.51-2.00
B000385,M00216,5,2,3,1,38,40,1.63,1.48,62.36,win,101.65,39.29,0.1014,1.51-2.00
B000396,M00221,5,1,2,3,39,40,1.61,1.45,62.58,win,100.75,38.17,0.1103,1.51-2.00
B000401,M00223,1,2,1,3,39,40,1.26,1.21,71.25,win,89.78,18.53,0.0413,1.01-1.50
B000434,M00245,4,2,4,2,39,41,1.92,1.89,31.69,loss,0.0,-31.69,0.0159,1.51-2.00
B000387,M00216,2,2,2,1,39,40,1.11,1.17,92.98,win,103.21,10.23,-0.0513,1.01-1.50
B000422,M00236,3,5,1,2,39,41,1.18,1.11,62.39,win,73.62,11.23,0.0631,1.01-1.50
B000428,M00240,4,4,3,4,39,41,1.56,1.45,59.22,win,92.38,33.16,0.0759,1.51-2.00
B000412,M00229,1,3,2,2,39,40,1.42,1.35,48.04,win,68.22,20.18,0.0519,1.01-1.50
B000388,M00217,4,5,1,1,39,40,1.43,1.32,67.32,loss,0.0,-67.32,0.0833,1.01-1.50
B000415,M00232,3,3,2,1,39,40,1.09,1.05,89.66,push,89.66,0.0,0.0381,1.01-1.50
B000389,M00217,2,1,3,1,39,40,1.47,1.5,82.37,loss,0.0,-82.37,-0.02,1.01-1.50
B000398,M00221,2,2,3,3,39,40,1.82,1.91,60.04,win,109.27,49.23,-0.0471,1.51-2.00
B000431,M00242,4,2,1,4,39,41,1.41,1.32,65.97,win,93.02,27.05,0.0682,1.01-1.50
B000432,M00243,4,5,2,4,39,41,1.28,1.18,68.42,win,87.58,19.16,0.0847,1.01-1.50
B000397,M00221,4,5,4,3,39,40,2.1,1.91,82.62,win,173.5,90.88,0.0995,2.01-2.50
B000427,M00238,1,4,1,2,39,41,1.21,1.16,59.82,win,72.38,12.56,0.0431,1.01-1.50
B000404,M00224,2,4,3,3,39,40,1.54,1.54,113.95,loss,0.0,-113.95,0.0,1.51-2.00
B000444,M00251,1,5,4,2,39,41,2.04,1.97,111.7,loss,0.0,-111.7,0.0355,2.01-2.50
B000400,M00223,4,2,3,3,40,40,2.09,1.9,74.92,win,156.58,81.66,0.1,2.01-2.50
B000414,M00230,2,5,1,3,40,40,1.25,1.26,102.23,win,127.79,25.56,-0.0079,1.01-1.50
B000391,M00219,4,4,2,1,40,40,1.25,1.16,38.0,loss,0.0,-38.0,0.0776,1.01-1.50
B000413,M00230,5,2,4,3,40,40,2.21,2.01,60.46,win,133.62,73.16,0.0995,2.01-2.50
B000406,M00226,3,1,4,3,40,40,1.85,1.83,54.32,loss,0.0,-54.32,0.0109,1.51-2.00
B000418,M00233,2,5,3,2,40,40,1.59,1.75,73.54,win,116.93,43.39,-0.0914,1.51-2.00
B000426,M00238,4,1,3,2,40,41,2.29,2.16,70.7,loss,0.0,-70.7,0.0602,2.01-2.50
B000440,M00247,1,4,1,3,40,41,1.16,1.1,112.16,loss,0.0,-112.16,0.0545,1.01-1.50
B000439,M00247,2,5,3,3,40,41,2.95,2.9,79.93,loss,0.0,-79.93,0.0172,2.51-3.00
B000425,M00238,5,1,4,2,40,41,2.1,1.89,52.19,loss,0.0,-52.19,0.1111,2.01-2.50
B000429,M00240,2,4,3,4,41,41,1.43,1.45,87.07,win,124.51,37.44,-0.0138,1.01-1.50
B000436,M00245,2,2,4,2,41,41,1.88,1.84,67.6,loss,0.0,-67.6,0.0217,1.51-2.00
B000446,M00253,1,3,1,2,42,42,1.48,1.39,87.85,win,130.02,42.17,0.0647,1.01-1.50
B000445,M00252,5,4,1,4,42,42,1.46,1.3,52.56,win,76.74,24.18,0.1231,1.01-1.50
B000449,M00255,2,2,4,1,42,46,1.88,1.94,119.17,win,224.04,104.87,-0.0309,1.51-2.00
B000450,M00257,5,1,3,4,43,47,1.61,1.44,47.57,win,76.59,29.02,0.1181,1.51-2.00
B000469,M00267,3,4,1,1,43,47,1.26,1.16,53.15,loss,0.0,-53.15,0.0862,1.01-1.50
B000459,M00259,5,2,3,4,43,47,1.6,1.44,63.06,win,100.9,37.84,0.1111,1.51-2.00
B000491,M00280,3,2,4,4,43,47,1.86,1.7,69.73,win,129.7,59.97,0.0941,1.51-2.00
B000467,M00265,4,4,3,1,43,47,2.25,2.2,40.95,loss,0.0,-40.95,0.0227,2.01-2.50
B000470,M00267,2,1,4,1,43,47,1.82,1.86,70.04,loss,0.0,-70.04,-0.0215,1.51-2.00
B000455,M00258,5,3,2,4,44,47,1.24,1.14,61.45,win,76.2,14.75,0.0877,1.01-1.50
B000457,M00258,2,1,1,4,44,47,1.41,1.35,107.55,loss,0.0,-107.55,0.0444,1.01-1.50
B000461,M00259,2,1,4,4,44,47,1.83,1.81,128.36,loss,0.0,-128.36,0.011,1.51-2.00
B000453,M00257,2,3,3,4,44,47,1.37,1.46,108.74,win,148.97,40.23,-0.0616,1.01-1.50
B000465,M00264,5,4,3,1,44,47,2.66,2.32,45.93,win,122.17,76.24,0.1466,2.51-3.00
B000484,M00273,2,4,2,3,44,47,1.2,1.22,86.07,win,103.28,17.21,-0.0164,1.01-1.50
B000475,M00269,3,5,1,3,44,47,1.42,1.35,58.31,win,82.8,24.49,0.0519,1.01-1.50
B000490,M00279,1,5,3,4,44,47,1.34,1.29,53.28,win,71.4,18.12,0.0388,1.01-1.50
B000463,M00262,2,1,1,1,44,47,1.05,1.1,141.61,win,148.69,7.08,-0.0455,1.01-1.50
B000496,M00281,1,4,1,4,44,48,1.77,1.75,87.06,win,154.1,67.04,0.0114,1.51-2.00
B000460,M00259,3,2,4,4,44,47,1.86,1.8,56.31,loss,0.0,-56.31,0.0333,1.51-2.00
B000447,M00254,4,4,3,4,44,46,1.36,1.29,60.56,win,82.36,21.8,0.0543,1.01-1.50
B000473,M00268,1,3,4,3,44,47,1.79,1.7,100.57,win,180.02,79.45,0.0529,1.51-2.00
B000514,M00290,4,1,4,4,44,48,1.94,1.82,62.75,loss,0.0,-62.75,0.0659,1.51-2.00
B000492,M00280,2,4,3,4,44,47,1.21,1.29,59.2,win,71.63,12.43,-0.062,1.01-1.50
B000478,M00270,1,5,1,3,45,47,1.27,1.24,52.02,win,66.07,14.05,0.0242,1.01-1.50
B000516,M00291,2,4,4,4,45,48,1.79,1.83,90.37,loss,0.0,-90.37,-0.0219,1.51-2.00
B000533,M00299,3,1,2,2,45,48,2.15,2.1,49.64,push,49.64,0.0,0.0238,2.01-2.50
B000476,M00269,2,2,1,3,45,47,1.28,1.38,73.79,win,94.45,20.66,-0.0725,1.01-1.50
B000486,M00277,2,5,4,1,45,47,1.9,1.92,63.49,win,120.63,57.14,-0.0104,1.51-2.00
B000487,M00278,3,2,4,3,45,47,1.95,1.86,60.22,loss,0.0,-60.22,0.0484,1.51-2.00
B000513,M00289,2,5,1,2,45,48,1.37,1.39,105.13,loss,0.0,-105.13,-0.0144,1.01-1.50
B000482,M00272,5,1,1,3,45,47,1.5,1.37,68.52,win,102.78,34.26,0.0949,1.01-1.50
B000498,M00282,4,1,3,2,45,48,1.73,1.57,93.91,win,162.46,68.55,0.1019,1.51-2.00
B000477,M00270,2,4,3,3,45,47,1.55,1.59,77.31,win,119.83,42.52,-0.0252,1.51-2.00
B000480,M00271,2,4,1,3,45,47,1.09,1.13,57.37,loss,0.0,-57.37,-0.0354,1.01-1.50
B000448,M00254,3,1,3,4,45,46,1.37,1.29,45.15,win,61.86,16.71,0.062,1.01-1.50
B000479,M00271,4,3,3,3,45,47,2.34,2.16,59.09,win,138.27,79.18,0.0833,2.01-2.50
B000483,M00272,4,1,2,3,45,47,1.28,1.15,53.1,win,67.97,14.87,0.113,1.01-1.50
B000456,M00258,4,5,3,4,45,47,1.61,1.44,45.67,win,73.53,27.86,0.1181,1.51-2.00
B000507,M00287,3,3,3,2,45,48,8.31,7.77,69.91,loss,0.0,-69.91,0.0695,3.01+
B000495,M00281,2,4,4,4,46,48,1.54,1.71,65.42,loss,0.0,-65.42,-0.0994,1.51-2.00
B000462,M00259,1,1,4,4,46,47,1.8,1.78,60.56,loss,0.0,-60.56,0.0112,1.51-2.00
B000481,M00271,1,4,1,3,46,47,1.12,1.12,90.12,loss,0.0,-90.12,0.0,1.01-1.50
B000511,M00288,3,2,3,2,46,48,8.36,7.7,60.39,loss,0.0,-60.39,0.0857,3.01+
B000466,M00264,4,1,2,1,46,47,1.92,1.78,57.64,win,110.67,53.03,0.0787,1.51-2.00
B000508,M00287,2,3,1,2,46,48,1.35,1.41,63.53,loss,0.0,-63.53,-0.0426,1.01-1.50
B000512,M00288,2,3,1,2,46,48,1.39,1.4,102.18,loss,0.0,-102.18,-0.0071,1.01-1.50
B000521,M00294,4,4,1,2,46,48,1.29,1.18,61.09,loss,0.0,-61.09,0.0932,1.01-1.50
B000464,M00263,1,2,2,1,46,47,1.09,1.05,98.77,push,98.77,0.0,0.0381,1.01-1.50
B000451,M00257,4,4,1,4,46,47,1.4,1.32,57.04,loss,0.0,-57.04,0.0606,1.01-1.50
B000488,M00279,4,4,4,4,46,47,1.87,1.75,98.35,win,183.91,85.56,0.0686,1.51-2.00
B000532,M00298,1,3,4,2,46,48,2.04,1.92,90.03,loss,0.0,-90.03,0.0625,2.01-2.50
B000515,M00290,2,5,4,4,46,48,1.8,1.82,156.57,loss,0.0,-156.57,-0.011,1.51-2.00
B000522,M00294,1,2,1,2,46,48,1.22,1.16,130.08,loss,0.0,-130.08,0.0517,1.01-1.50
B000452,M00257,3,1,2,4,46,47,1.23,1.17,46.16,win,56.78,10.62,0.0513,1.01-1.50
B000458,M00258,1,4,1,4,46,47,1.31,1.34,110.71,loss,0.0,-110.71,-0.0224,1.01-1.50
B000517,M00292,5,3,3,4,46,48,1.93,1.73,49.58,loss,0.0,-49.58,0.1156,1.51-2.00
B000523,M00295,5,5,3,4,46,48,1.67,1.55,60.5,win,101.03,40.53,0.0774,1.51-2.00
B000518,M00292,2,2,4,4,46,48,1.85,1.85,92.24,loss,0.0,-92.24,0.0,1.51-2.00
B000505,M00286,1,4,2,3,46,48,1.35,1.35,57.02,push,57.02,0.0,0.0,1.01-1.50
B000489,M00279,3,5,3,4,46,47,1.32,1.3,59.77,win,78.9,19.13,0.0154,1.01-1.50
B000526,M00295,1,3,3,4,46,48,1.55,1.54,66.61,win,103.25,36.64,0.0065,1.51-2.00
B000485,M00274,1,5,1,4,46,47,2.09,2.01,73.29,win,153.18,79.89,0.0398,2.01-2.50
B000504,M00285,1,2,4,4,46,48,1.79,1.78,101.63,loss,0.0,-101.63,0.0056,1.51-2.00
B000520,M00293,2,5,3,4,46,48,1.76,1.71,60.96,loss,0.0,-60.96,0.0292,1.51-2.00
B000454,M00257,1,5,4,4,47,47,1.87,1.82,66.62,loss,0.0,-66.62,0.0275,1.51-2.00
B000468,M00265,3,5,3,1,47,47,2.24,2.13,55.5,loss,0.0,-55.5,0.0516,2.01-2.50
B000530,M00297,3,3,3,4,47,48,1.56,1.49,69.28,win,108.08,38.8,0.047,1.51-2.00
B000474,M00269,4,2,4,3,47,47,1.93,1.79,63.46,win,122.48,59.02,0.0782,1.51-2.00
B000502,M00285,3,1,3,4,47,48,1.51,1.44,84.62,loss,0.0,-84.62,0.0486,1.51-2.00
B000509,M00287,1,4,1,2,47,48,1.39,1.39,73.29,loss,0.0,-73.29,0.0,1.01-1.50
B000471,M00268,5,4,3,3,47,47,1.41,1.26,53.58,win,75.55,21.97,0.119,1.01-1.50
B000528,M00296,2,1,3,4,47,48,1.5,1.54,67.64,win,101.46,33.82,-0.026,1.01-1.50
B000472,M00268,2,4,3,3,47,47,1.2,1.26,116.54,win,139.85,23.31,-0.0476,1.01-1.50
B000497,M00282,5,4,3,2,47,48,1.73,1.6,79.46,win,137.47,58.01,0.0812,1.51-2.00
B000494,M00281,4,1,3,4,47,48,1.3,1.21,46.26,loss,0.0,-46.26,0.0744,1.01-1.50
B000501,M00283,4,5,1,2,47,48,1.35,1.29,70.57,win,95.27,24.7,0.0465,1.01-1.50
B000529,M00297,5,3,4,4,47,48,1.95,1.77,68.83,win,134.22,65.39,0.1017,1.51-2.00
B000519,M00293,5,2,4,4,47,48,2.06,1.84,46.76,loss,0.0,-46.76,0.1196,2.01-2.50
B000493,M00281,5,4,4,4,47,48,1.84,1.65,50.11,loss,0.0,-50.11,0.1152,1.51-2.00
B000499,M00282,2,1,4,2,47,48,1.77,1.85,101.2,win,179.12,77.92,-0.0432,1.51-2.00
B000503,M00285,2,1,1,4,47,48,1.39,1.3,93.15,loss,0.0,-93.15,0.0692,1.01-1.50
B000527,M00296,4,4,4,4,47,48,1.95,1.79,46.0,win,89.7,43.7,0.0894,1.51-2.00
B000506,M00287,5,2,4,2,47,48,2.33,2.09,72.01,win,167.78,95.77,0.1148,2.01-2.50
B000510,M00288,4,3,3,2,48,48,8.06,7.65,42.45,loss,0.0,-42.45,0.0536,3.01+
B000524,M00295,3,5,4,4,48,48,1.83,1.78,92.76,win,169.75,76.99,0.0281,1.51-2.00
B000500,M00282,1,3,2,2,48,48,1.28,1.22,80.28,win,102.76,22.48,0.0492,1.01-1.50
B000525,M00295,2,5,1,4,48,48,1.32,1.28,95.84,win,126.51,30.67,0.0312,1.01-1.50
B000531,M00298,2,2,2,2,48,48,2.1,2.11,71.51,push,71.51,0.0,-0.0047,2.01-2.50
B000560,M00315,2,3,1,2,49,53,1.33,1.36,81.77,loss,0.0,-81.77,-0.0221,1.01-1.50
B000554,M00312,5,5,3,3,50,53,2.62,2.43,73.37,loss,0.0,-73.37,0.0782,2.51-3.00
B000568,M00319,4,3,1,2,50,53,1.54,1.38,71.87,loss,0.0,-71.87,0.1159,1.51-2.00
B000535,M00301,2,4,4,2,50,52,1.8,1.81,106.19,win,191.14,84.95,-0.0055,1.51-2.00
B000536,M00302,5,5,2,2,50,52,1.28,1.14,44.97,loss,0.0,-44.97,0.1228,1.01-1.50
B000537,M00302,2,4,4,2,50,52,1.69,1.77,39.3,win,66.42,27.12,-0.0452,1.51-2.00
B000572,M00320,3,5,3,2,50,53,4.09,3.86,64.2,loss,0.0,-64.2,0.0596,3.01+
B000544,M00307,2,1,4,1,50,53,1.77,1.83,103.17,win,182.61,79.44,-0.0328,1.51-2.00
B000567,M00318,1,1,1,2,50,53,1.4,1.37,47.13,loss,0.0,-47.13,0.0219,1.01-1.50
B000571,M00320,5,5,1,2,50,53,1.3,1.16,60.9,win,79.17,18.27,0.1207,1.01-1.50
B000543,M00307,4,1,3,1,50,53,1.66,1.53,34.29,win,56.92,22.63,0.085,1.51-2.00
B000582,M00327,5,1,2,3,51,54,1.27,1.14,36.47,win,46.32,9.85,0.114,1.01-1.50
B000584,M00328,5,5,1,1,51,54,1.47,1.29,58.6,win,86.14,27.54,0.1395,1.01-1.50
B000534,M00301,3,3,3,2,51,52,1.42,1.38,83.07,loss,0.0,-83.07,0.029,1.01-1.50
B000593,M00332,2,3,4,2,51,54,1.48,1.68,66.92,win,99.04,32.12,-0.119,1.01-1.50
B000545,M00308,4,1,4,1,51,53,1.91,1.82,64.8,win,123.77,58.97,0.0495,1.51-2.00
B000548,M00309,2,4,1,1,51,53,1.34,1.37,106.59,win,142.83,36.24,-0.0219,1.01-1.50
B000563,M00317,4,1,4,2,51,53,1.91,1.79,53.48,loss,0.0,-53.48,0.067,1.51-2.00
B000579,M00326,5,2,1,2,51,54,1.47,1.32,53.62,win,78.82,25.2,0.1136,1.01-1.50
B000538,M00303,3,2,3,2,51,53,1.48,1.42,65.51,win,96.95,31.44,0.0423,1.01-1.50
B000540,M00305,4,5,3,4,51,53,3.69,3.3,50.64,loss,0.0,-50.64,0.1182,3.01+
B000557,M00314,4,1,3,4,51,53,1.52,1.45,71.82,win,109.17,37.35,0.0483,1.51-2.00
B000542,M00305,1,1,3,4,51,53,3.28,3.18,61.33,loss,0.0,-61.33,0.0314,3.01+
B000573,M00320,2,5,4,2,51,53,1.99,2.03,86.18,win,171.5,85.32,-0.0197,1.51-2.00
B000552,M00311,2,1,3,3,51,53,1.81,1.88,68.46,loss,0.0,-68.46,-0.0372,1.51-2.00
B000575,M00323,4,5,4,2,51,54,1.94,1.83,84.63,loss,0.0,-84.63,0.0601,1.51-2.00
B000589,M00330,2,5,4,2,51,54,1.85,1.79,47.21,loss,0.0,-47.21,0.0335,1.51-2.00
B000550,M00310,2,1,3,3,51,53,2.5,2.6,95.29,loss,0.0,-95.29,-0.0385,2.01-2.50
B000569,M00319,3,1,2,2,51,53,1.21,1.14,32.63,loss,0.0,-32.63,0.0614,1.01-1.50
B000587,M00329,3,2,1,4,51,54,1.09,1.07,69.67,win,75.94,6.27,0.0187,1.01-1.50
B000588,M00329,2,1,2,4,51,54,1.87,2.08,81.64,win,152.67,71.03,-0.101,1.51-2.00
B000566,M00318,5,3,3,2,51,53,1.59,1.4,66.56,loss,0.0,-66.56,0.1357,1.51-2.00
B000553,M00311,1,2,1,3,51,53,1.24,1.2,59.47,win,73.74,14.27,0.0333,1.01-1.50
B000556,M00313,5,1,4,2,51,53,2.08,1.89,58.58,win,121.85,63.27,0.1005,2.01-2.50
B000562,M00316,1,4,4,2,52,53,1.79,1.79,54.44,loss,0.0,-54.44,0.0,1.51-2.00
B000555,M00312,2,2,3,3,52,53,2.44,2.53,95.81,loss,0.0,-95.81,-0.0356,2.01-2.50
B000591,M00331,1,3,4,2,52,54,1.88,1.83,92.26,loss,0.0,-92.26,0.0273,1.51-2.00
B000578,M00325,4,3,3,3,52,54,3.01,2.81,73.36,loss,0.0,-73.36,0.0712,3.01+
B000564,M00317,2,4,1,2,52,53,1.34,1.35,93.45,loss,0.0,-93.45,-0.0074,1.01-1.50
B000565,M00317,1,2,4,2,52,53,1.8,1.79,76.37,loss,0.0,-76.37,0.0056,1.51-2.00
B000559,M00315,5,5,2,2,52,53,1.26,1.12,39.45,loss,0.0,-39.45,0.125,1.01-1.50
B000561,M00315,1,1,2,2,52,53,1.12,1.11,95.89,loss,0.0,-95.89,0.009,1.01-1.50
B000570,M00319,2,3,1,2,52,53,1.38,1.38,95.54,loss,0.0,-95.54,0.0,1.01-1.50
B000546,M00308,3,4,4,1,52,53,1.89,1.78,92.66,win,175.13,82.47,0.0618,1.51-2.00
B000549,M00310,3,2,1,3,52,53,1.12,1.08,90.16,loss,0.0,-90.16,0.037,1.01-1.50
B000558,M00314,2,1,2,4,52,53,1.1,1.14,78.3,win,86.13,7.83,-0.0351,1.01-1.50
B000576,M00323,2,4,4,2,52,54,1.73,1.79,34.73,loss,0.0,-34.73,-0.0335,1.51-2.00
B000583,M00327,2,1,3,3,52,54,1.37,1.39,72.07,win,98.74,26.67,-0.0144,1.01-1.50
B000541,M00305,2,2,2,4,53,53,2.59,2.53,111.79,push,111.79,0.0,0.0237,2.51-3.00
B000598,M00334,2,3,3,3,53,55,1.5,1.48,106.95,win,160.43,53.48,0.0135,1.01-1.50
B000580,M00326,4,1,4,2,53,54,1.96,1.82,50.14,win,98.27,48.13,0.0769,1.51-2.00
B000551,M00311,5,1,3,3,53,53,2.06,1.85,55.38,loss,0.0,-55.38,0.1135,2.01-2.50
B000594,M00333,4,2,3,3,53,55,1.69,1.51,65.44,win,110.59,45.15,0.1192,1.51-2.00
B000547,M00308,2,2,2,1,53,53,1.09,1.13,68.16,win,74.29,6.13,-0.0354,1.01-1.50
B000574,M00321,4,5,1,2,53,53,1.23,1.17,67.18,win,82.63,15.45,0.0513,1.01-1.50
B000539,M00304,5,2,2,4,53,53,2.84,2.51,59.77,push,59.77,0.0,0.1315,2.51-3.00
B000585,M00328,2,1,2,1,53,54,1.16,1.21,103.92,loss,0.0,-103.92,-0.0413,1.01-1.50
B000577,M00324,4,5,2,3,53,54,2.33,2.21,82.42,loss,0.0,-82.42,0.0543,2.01-2.50
B000581,M00326,1,3,4,2,53,54,1.92,1.84,59.88,win,114.97,55.09,0.0435,1.51-2.00
B000597,M00334,3,2,2,3,53,55,1.2,1.17,64.12,win,76.94,12.82,0.0256,1.01-1.50
B000586,M00328,1,1,1,1,53,54,1.36,1.31,94.13,win,128.02,33.89,0.0382,1.01-1.50
B000595,M00333,2,3,3,3,53,55,1.37,1.48,69.9,win,95.76,25.86,-0.0743,1.01-1.50
B000590,M00331,5,5,3,2,54,54,1.82,1.65,62.57,loss,0.0,-62.57,0.103,1.51-2.00
B000596,M00333,1,4,1,3,54,55,1.31,1.31,69.62,loss,0.0,-69.62,0.0,1.01-1.50
B000592,M00332,4,1,4,2,54,54,1.78,1.68,61.37,win,109.24,47.87,0.0595,1.51-2.00
B000609,M00340,1,4,1,2,56,59,1.14,1.13,99.8,loss,0.0,-99.8,0.0088,1.01-1.50
B000622,M00346,5,1,4,3,56,60,1.92,1.71,48.5,loss,0.0,-48.5,0.1228,1.51-2.00
B000606,M00340,5,1,1,2,56,59,1.22,1.11,57.87,loss,0.0,-57.87,0.0991,1.01-1.50
B000605,M00339,5,2,1,3,56,59,1.25,1.13,46.93,win,58.66,11.73,0.1062,1.01-1.50
B000627,M00348,4,2,1,3,57,60,1.12,1.09,68.33,win,76.53,8.2,0.0275,1.01-1.50
B000616,M00344,5,5,3,3,57,60,1.33,1.22,55.12,win,73.31,18.19,0.0902,1.01-1.50
B000619,M00345,5,3,3,3,57,60,1.37,1.24,41.72,win,57.16,15.44,0.1048,1.01-1.50
B000626,M00348,5,1,3,3,57,60,2.7,2.44,67.12,loss,0.0,-67.12,0.1066,2.51-3.00
B000629,M00348,2,2,3,3,57,60,2.26,2.42,61.43,loss,0.0,-61.43,-0.0661,2.01-2.50
B000618,M00344,2,2,1,3,57,60,1.57,1.62,83.07,loss,0.0,-83.07,-0.0309,1.51-2.00
B000621,M00345,1,5,4,3,57,60,1.78,1.7,49.68,loss,0.0,-49.68,0.0471,1.51-2.00
B000601,M00336,3,3,1,1,57,59,1.31,1.24,84.81,win,111.1,26.29,0.0565,1.01-1.50
B000652,M00359,2,3,2,2,57,61,1.36,1.43,105.53,win,143.52,37.99,-0.049,1.01-1.50
B000624,M00347,4,1,4,1,57,60,2.12,1.97,45.96,win,97.44,51.48,0.0761,2.01-2.50
B000603,M00337,5,2,3,4,57,59,1.64,1.51,53.05,win,87.0,33.95,0.0861,1.51-2.00
B000671,M00369,2,4,1,4,57,61,1.49,1.58,101.41,win,151.1,49.69,-0.057,1.01-1.50
B000679,M00374,2,3,3,2,57,61,1.95,1.91,104.1,loss,0.0,-104.1,0.0209,1.51-2.00
B000650,M00358,2,4,1,2,57,61,1.16,1.19,90.24,loss,0.0,-90.24,-0.0252,1.01-1.50
B000620,M00345,2,5,1,3,58,60,1.58,1.61,93.89,loss,0.0,-93.89,-0.0186,1.51-2.00
B000656,M00362,4,4,1,3,58,61,1.2,1.13,77.34,win,92.81,15.47,0.0619,1.01-1.50
B000666,M00366,1,5,4,1,58,61,2.37,2.2,63.27,win,149.95,86.68,0.0773,2.01-2.50
B000613,M00342,2,5,3,1,58,60,1.17,1.18,67.3,win,78.74,11.44,-0.0085,1.01-1.50
B000645,M00356,4,1,4,2,58,61,1.95,1.89,59.08,win,115.21,56.13,0.0317,1.51-2.00
B000649,M00358,4,2,3,2,58,61,2.0,1.83,49.13,win,98.26,49.13,0.0929,1.51-2.00
B000674,M00370,1,2,1,2,58,61,1.17,1.19,74.83,loss,0.0,-74.83,-0.0168,1.01-1.50
B000612,M00342,5,2,1,1,58,60,2.05,1.82,45.13,win,92.52,47.39,0.1264,2.01-2.50
B000678,M00374,5,1,3,2,58,61,2.06,1.83,48.01,loss,0.0,-48.01,0.1257,2.01-2.50
B000600,M00335,3,3,1,4,58,59,1.38,1.29,84.56,loss,0.0,-84.56,0.0698,1.01-1.50
B000669,M00368,1,3,1,4,58,61,1.59,1.55,70.5,win,112.1,41.6,0.0258,1.51-2.00
B000643,M00354,2,4,4,4,58,61,1.96,1.93,18.31,loss,0.0,-18.31,0.0155,1.51-2.00
B000610,M00341,3,5,3,2,58,60,3.65,3.49,68.79,loss,0.0,-68.79,0.0458,3.01+
B000632,M00349,2,1,3,1,58,60,2.39,2.53,71.66,loss,0.0,-71.66,-0.0553,2.01-2.50
B000638,M00352,1,1,1,2,58,60,1.17,1.11,59.02,loss,0.0,-59.02,0.0541,1.01-1.50
B000615,M00343,3,2,1,1,58,60,1.93,1.84,65.47,win,126.36,60.89,0.0489,1.51-2.00
B000668,M00368,2,4,3,4,58,61,1.21,1.26,42.1,win,50.94,8.84,-0.0397,1.01-1.50
B000653,M00360,3,1,3,3,58,61,2.17,2.02,71.29,win,154.7,83.41,0.0743,2.01-2.50
B000633,M00349,1,1,1,1,58,60,1.14,1.1,70.2,win,80.03,9.83,0.0364,1.01-1.50
B000604,M00338,2,2,3,2,58,59,2.48,2.46,81.28,loss,0.0,-81.28,0.0081,2.01-2.50
B000630,M00348,1,5,4,3,58,60,2.04,1.95,55.82,loss,0.0,-55.82,0.0462,2.01-2.50
B000677,M00371,1,1,1,2,58,61,1.24,1.17,88.52,loss,0.0,-88.52,0.0598,1.01-1.50
B000631,M00349,3,1,3,1,58,60,2.61,2.47,88.89,loss,0.0,-88.89,0.0567,2.51-3.00
B000602,M00336,2,5,3,1,58,59,1.79,1.72,97.83,loss,0.0,-97.83,0.0407,1.51-2.00
B000614,M00343,5,5,1,1,58,60,2.03,1.78,51.59,win,104.73,53.14,0.1404,2.01-2.50
B000607,M00340,4,5,3,2,59,59,2.56,2.41,63.46,loss,0.0,-63.46,0.0622,2.51-3.00
B000644,M00356,5,5,3,2,59,61,1.96,1.81,59.19,win,116.01,56.82,0.0829,1.51-2.00
B000646,M00356,2,4,2,2,59,61,1.39,1.38,96.39,win,133.98,37.59,0.0072,1.01-1.50
B000608,M00340,2,3,4,2,59,59,1.87,1.92,86.83,loss,0.0,-86.83,-0.026,1.51-2.00
B000636,M00352,5,3,3,2,59,60,2.62,2.42,66.23,loss,0.0,-66.23,0.0826,2.51-3.00
B000665,M00366,2,2,1,1,59,61,1.82,1.87,14.65,loss,0.0,-14.65,-0.0267,1.51-2.00
B000672,M00370,5,2,3,2,59,61,2.09,1.88,60.11,loss,0.0,-60.11,0.1117,2.01-2.50
B000673,M00370,2,1,3,2,59,61,1.76,1.83,88.85,loss,0.0,-88.85,-0.0383,1.51-2.00
B000667,M00367,2,5,1,1,59,61,1.74,1.83,76.88,loss,0.0,-76.88,-0.0492,1.51-2.00
B000628,M00348,3,4,3,3,59,60,2.5,2.43,60.01,loss,0.0,-60.01,0.0288,2.01-2.50
B000611,M00341,1,2,4,2,59,60,2.09,2.01,91.12,win,190.44,99.32,0.0398,2.01-2.50
B000599,M00335,4,5,4,4,59,59,1.91,1.83,37.28,loss,0.0,-37.28,0.0437,1.51-2.00
B000623,M00346,1,1,1,3,59,60,1.6,1.59,44.48,loss,0.0,-44.48,0.0063,1.51-2.00
B000640,M00353,3,2,4,2,59,60,2.0,1.94,63.84,win,127.68,63.84,0.0309,1.51-2.00
B000648,M00358,5,2,3,2,59,61,2.0,1.8,58.52,win,117.04,58.52,0.1111,1.51-2.00
B000664,M00365,3,4,2,3,59,61,1.64,1.56,50.95,win,83.56,32.61,0.0513,1.51-2.00
B000617,M00344,4,3,1,3,59,60,1.81,1.66,58.65,loss,0.0,-58.65,0.0904,1.51-2.00
B000663,M00365,4,5,3,3,59,61,2.16,2.02,52.85,win,114.16,61.31,0.0693,2.01-2.50
B000642,M00354,3,4,2,4,59,61,1.75,1.68,48.36,push,48.36,0.0,0.0417,1.51-2.00
B000662,M00365,5,1,3,3,59,61,2.25,2.03,47.92,win,107.82,59.9,0.1084,2.01-2.50
B000637,M00352,3,5,2,2,59,60,1.88,1.83,90.97,loss,0.0,-90.97,0.0273,1.51-2.00
B000635,M00351,1,1,2,4,59,60,1.09,1.05,101.4,win,110.53,9.13,0.0381,1.01-1.50
B000659,M00363,2,2,4,3,59,61,1.88,1.93,125.12,win,235.23,110.11,-0.0259,1.51-2.00
B000639,M00353,5,3,3,2,60,60,2.59,2.34,73.89,loss,0.0,-73.89,0.1068,2.51-3.00
B000641,M00353,1,3,1,2,60,60,1.17,1.12,60.11,loss,0.0,-60.11,0.0446,1.01-1.50
B000675,M00371,4,3,3,2,60,61,2.0,1.84,52.31,loss,0.0,-52.31,0.087,1.51-2.00
B000625,M00347,3,2,3,1,60,60,2.69,2.51,74.46,loss,0.0,-74.46,0.0717,2.51-3.00
B000634,M00351,4,3,4,4,60,60,1.75,1.67,67.01,win,117.27,50.26,0.0479,1.51-2.00
B000647,M00357,1,4,1,2,60,61,1.17,1.16,86.64,loss,0.0,-86.64,0.0086,1.01-1.50
B000651,M00359,5,1,4,2,60,61,2.11,1.9,65.14,win,137.45,72.31,0.1105,2.01-2.50
B000654,M00360,2,2,3,3,60,61,2.04,2.08,87.36,win,178.21,90.85,-0.0192,2.01-2.50
B000661,M00364,5,2,3,3,60,61,5.28,4.79,52.4,win,276.67,224.27,0.1023,3.01+
B000681,M00375,3,4,3,4,60,63,2.33,2.17,72.46,loss,0.0,-72.46,0.0737,2.01-2.50
B000657,M00362,1,5,4,3,60,61,1.91,1.89,82.19,win,156.98,74.79,0.0106,1.51-2.00
B000660,M00363,1,5,1,3,61,61,1.27,1.18,102.93,win,130.72,27.79,0.0763,1.01-1.50
B000658,M00363,5,4,2,3,61,61,1.71,1.56,40.64,win,69.49,28.85,0.0962,1.51-2.00
B000655,M00361,4,2,1,4,61,61,1.39,1.31,55.87,win,77.66,21.79,0.0611,1.01-1.50
B000670,M00369,4,5,3,4,61,61,1.29,1.26,50.68,win,65.38,14.7,0.0238,1.01-1.50
B000684,M00377,4,3,3,4,61,64,2.67,2.47,46.77,win,124.88,78.11,0.081,2.51-3.00
B000676,M00371,2,1,4,2,61,61,1.86,1.84,111.84,loss,0.0,-111.84,0.0109,1.51-2.00
B000686,M00377,2,5,4,4,62,64,1.87,1.91,112.35,win,210.09,97.74,-0.0209,1.51-2.00
B000685,M00377,3,2,1,4,62,64,1.16,1.13,70.08,win,81.29,11.21,0.0265,1.01-1.50
B000680,M00375,5,4,1,4,62,63,1.26,1.12,42.44,loss,0.0,-42.44,0.125,1.01-1.50
B000699,M00385,1,4,4,2,63,66,1.85,1.89,106.14,loss,0.0,-106.14,-0.0212,1.51-2.00
B000688,M00380,1,3,1,4,63,64,1.52,1.51,80.48,win,122.33,41.85,0.0066,1.51-2.00
B000682,M00376,2,2,4,4,63,64,1.91,1.99,111.53,win,213.02,101.49,-0.0402,1.51-2.00
B000696,M00384,4,2,4,2,63,66,2.05,1.93,56.49,loss,0.0,-56.49,0.0622,2.01-2.50
B000689,M00381,3,1,2,4,63,65,4.53,4.27,69.56,loss,0.0,-69.56,0.0609,3.01+
B000730,M00405,5,5,2,4,63,67,2.95,2.72,46.54,loss,0.0,-46.54,0.0846,2.51-3.00
B000694,M00383,4,1,4,1,63,66,2.0,1.86,87.93,loss,0.0,-87.93,0.0753,1.51-2.00
B000687,M00379,1,3,1,4,63,64,1.52,1.48,79.42,win,120.72,41.3,0.027,1.51-2.00
B000726,M00402,4,5,3,2,63,67,1.63,1.5,54.53,win,88.88,34.35,0.0867,1.51-2.00
B000683,M00377,5,1,3,4,63,64,2.8,2.44,39.74,win,111.27,71.53,0.1475,2.51-3.00
B000708,M00391,1,3,2,1,63,67,1.52,1.49,85.92,loss,0.0,-85.92,0.0201,1.51-2.00
B000723,M00400,3,1,3,3,64,67,2.29,2.18,67.56,win,154.71,87.15,0.0505,2.01-2.50
B000705,M00388,1,2,1,1,64,67,1.2,1.17,105.56,loss,0.0,-105.56,0.0256,1.01-1.50
B000719,M00398,3,3,4,3,64,67,2.0,1.89,102.34,win,204.68,102.34,0.0582,1.51-2.00
B000693,M00382,1,2,3,4,64,65,2.2,2.14,70.56,win,155.23,84.67,0.028,2.01-2.50
B000722,M00400,5,3,3,3,64,67,2.36,2.16,49.48,win,116.77,67.29,0.0926,2.01-2.50
B000715,M00395,4,1,2,3,64,67,1.75,1.69,66.37,win,116.15,49.78,0.0355,1.51-2.00
B000713,M00394,2,1,1,3,64,67,1.06,1.14,77.64,win,82.3,4.66,-0.0702,1.01-1.50
B000721,M00399,1,3,1,3,64,67,1.25,1.23,61.39,loss,0.0,-61.39,0.0163,1.01-1.50
B000731,M00406,2,5,3,1,64,67,1.91,1.93,105.61,win,201.72,96.11,-0.0104,1.51-2.00
B000728,M00403,4,2,2,4,64,67,2.73,2.66,69.44,loss,0.0,-69.44,0.0263,2.51-3.00
B000697,M00384,1,4,1,2,64,66,1.2,1.13,52.46,loss,0.0,-52.46,0.0619,1.01-1.50
B000755,M00418,4,3,4,2,64,68,1.91,1.82,59.51,loss,0.0,-59.51,0.0495,1.51-2.00
B000746,M00414,1,1,4,2,64,68,1.94,1.87,82.57,loss,0.0,-82.57,0.0374,1.51-2.00
B000707,M00391,4,2,4,1,64,67,2.0,1.85,71.29,loss,0.0,-71.29,0.0811,1.51-2.00
B000701,M00387,2,1,2,2,65,67,1.13,1.11,87.76,win,99.17,11.41,0.018,1.01-1.50
B000757,M00419,4,3,4,2,65,68,2.02,1.86,39.64,loss,0.0,-39.64,0.086,2.01-2.50
B000706,M00391,5,5,4,1,65,67,2.13,1.89,60.58,loss,0.0,-60.58,0.127,2.01-2.50
B000725,M00401,5,5,2,3,65,67,1.43,1.28,54.12,win,77.39,23.27,0.1172,1.01-1.50
B000690,M00381,2,1,1,4,65,65,1.3,1.28,103.82,loss,0.0,-103.82,0.0156,1.01-1.50
B000692,M00382,3,4,1,4,65,65,1.23,1.16,79.87,loss,0.0,-79.87,0.0603,1.01-1.50
B000691,M00382,4,1,4,4,65,65,1.99,1.89,43.39,loss,0.0,-43.39,0.0529,1.51-2.00
B000738,M00411,1,1,3,4,65,68,3.05,2.95,97.54,loss,0.0,-97.54,0.0339,3.01+
B000737,M00411,2,5,3,4,65,68,2.69,2.89,88.24,loss,0.0,-88.24,-0.0692,2.51-3.00
B000695,M00383,1,2,2,1,65,66,1.37,1.33,66.27,push,66.27,0.0,0.0301,1.01-1.50
B000717,M00396,2,2,4,3,65,67,1.83,1.82,61.29,loss,0.0,-61.29,0.0055,1.51-2.00
B000745,M00414,3,1,3,2,65,68,1.71,1.63,67.24,loss,0.0,-67.24,0.0491,1.51-2.00
B000747,M00415,5,1,4,2,65,68,1.96,1.81,43.16,loss,0.0,-43.16,0.0829,1.51-2.00
B000714,M00395,5,4,2,3,65,67,1.81,1.66,61.78,win,111.82,50.04,0.0904,1.51-2.00
B000740,M00412,4,3,1,1,65,68,1.45,1.31,60.59,win,87.86,27.27,0.1069,1.01-1.50
B000711,M00394,4,2,3,3,65,67,2.37,2.24,28.84,win,68.35,39.51,0.058,2.01-2.50
B000718,M00397,2,5,1,3,65,67,1.22,1.22,77.28,win,94.28,17.0,0.0,1.01-1.50
B000700,M00386,1,3,1,3,65,67,1.13,1.13,91.12,loss,0.0,-91.12,0.0,1.01-1.50
B000703,M00388,3,2,2,1,66,67,1.62,1.53,48.7,loss,0.0,-48.7,0.0588,1.51-2.00
B000698,M00385,5,3,3,2,66,66,2.49,2.3,38.81,win,96.64,57.83,0.0826,2.01-2.50
B000750,M00416,4,1,4,4,66,68,1.77,1.63,75.65,loss,0.0,-75.65,0.0859,1.51-2.00
B000710,M00393,3,2,3,3,66,67,1.77,1.79,61.89,loss,0.0,-61.89,-0.0112,1.51-2.00
B000735,M00410,2,1,1,2,66,68,1.35,1.47,87.2,loss,0.0,-87.2,-0.0816,1.01-1.50
B000724,M00400,2,2,2,3,66,67,1.64,1.68,74.95,win,122.92,47.97,-0.0238,1.51-2.00
B000709,M00392,2,1,1,1,66,67,1.13,1.15,134.67,loss,0.0,-134.67,-0.0174,1.01-1.50
B000732,M00408,1,5,1,4,66,68,1.17,1.15,43.79,loss,0.0,-43.79,0.0174,1.01-1.50
B000712,M00394,3,3,1,3,66,67,1.16,1.12,46.62,win,54.08,7.46,0.0357,1.01-1.50
B000760,M00423,3,4,2,2,66,69,1.44,1.36,94.62,win,136.25,41.63,0.0588,1.01-1.50
B000729,M00404,2,2,4,4,66,67,2.05,2.04,83.47,loss,0.0,-83.47,0.0049,2.01-2.50
B000702,M00387,1,1,4,2,66,67,1.82,1.77,95.74,loss,0.0,-95.74,0.0282,1.51-2.00
B000756,M00418,2,5,1,2,66,68,1.24,1.2,115.52,win,143.24,27.72,0.0333,1.01-1.50
B000704,M00388,2,5,1,1,66,67,1.16,1.18,104.05,loss,0.0,-104.05,-0.0169,1.01-1.50
B000733,M00409,2,2,4,2,66,68,1.65,1.74,46.45,loss,0.0,-46.45,-0.0517,1.51-2.00
B000716,M00395,3,4,4,3,66,67,2.06,1.93,64.35,win,132.56,68.21,0.0674,2.01-2.50
B000727,M00403,5,2,4,4,66,67,2.16,2.0,50.15,loss,0.0,-50.15,0.08,2.01-2.50
B000720,M00399,5,4,2,3,67,67,1.46,1.32,56.96,win,83.16,26.2,0.1061,1.01-1.50
B000736,M00411,5,5,3,4,67,68,3.37,2.99,59.31,loss,0.0,-59.31,0.1271,3.01+
B000752,M00416,2,5,1,4,67,68,2.04,2.02,83.43,loss,0.0,-83.43,0.0099,2.01-2.50
B000748,M00415,3,5,1,2,67,68,1.28,1.24,85.62,loss,0.0,-85.62,0.0323,1.01-1.50
B000753,M00417,3,2,1,4,67,68,2.15,2.06,36.64,loss,0.0,-36.64,0.0437,2.01-2.50
B000742,M00413,5,2,3,1,67,68,1.62,1.5,39.99,win,64.78,24.79,0.08,1.51-2.00
B000749,M00416,5,1,2,4,67,68,1.21,1.05,57.05,win,69.03,11.98,0.1524,1.01-1.50
B000754,M00417,2,2,1,4,67,68,1.92,1.99,63.94,loss,0.0,-63.94,-0.0352,1.51-2.00
B000734,M00409,1,3,4,2,67,68,1.89,1.74,72.26,loss,0.0,-72.26,0.0862,1.51-2.00
B000741,M00412,2,4,3,1,67,68,1.55,1.52,116.44,win,180.48,64.04,0.0197,1.51-2.00
B000743,M00413,4,3,3,1,67,68,1.64,1.49,76.08,win,124.77,48.69,0.1007,1.51-2.00
B000761,M00423,1,4,4,2,67,69,1.93,1.89,106.11,loss,0.0,-106.11,0.0212,1.51-2.00
B000762,M00424,2,3,4,2,67,69,1.84,1.9,90.46,loss,0.0,-90.46,-0.0316,1.51-2.00
B000744,M00414,5,2,2,2,68,68,1.39,1.24,49.04,loss,0.0,-49.04,0.121,1.01-1.50
B000739,M00412,5,3,4,1,68,68,1.94,1.8,49.57,win,96.17,46.6,0.0778,1.51-2.00
B000751,M00416,3,5,2,4,68,68,1.09,1.05,49.83,win,54.31,4.48,0.0381,1.01-1.50
B000758,M00421,4,3,4,4,68,69,1.88,1.83,55.98,loss,0.0,-55.98,0.0273,1.51-2.00
B000759,M00422,3,3,4,3,69,69,1.99,1.92,55.29,win,110.03,54.74,0.0365,1.51-2.00
B000766,M00426,4,2,3,4,70,73,3.63,3.38,67.41,loss,0.0,-67.41,0.074,3.01+
B000778,M00432,1,2,1,1,71,74,1.17,1.2,76.77,win,89.82,13.05,-0.025,1.01-1.50
B000772,M00429,2,3,3,1,71,74,4.46,4.61,79.19,loss,0.0,-79.19,-0.0325,3.01+
B000780,M00434,4,2,4,3,71,74,1.89,1.8,70.6,loss,0.0,-70.6,0.05,1.51-2.00
B000788,M00438,3,4,3,3,71,74,1.6,1.49,79.87,win,127.79,47.92,0.0738,1.51-2.00
B000782,M00435,5,3,3,3,71,74,1.77,1.63,74.89,win,132.56,57.67,0.0859,1.51-2.00
B000776,M00431,1,5,2,1,71,74,1.05,1.05,48.72,win,51.16,2.44,0.0,1.01-1.50
B000763,M00425,5,3,3,1,71,73,2.57,2.29,68.67,loss,0.0,-68.67,0.1223,2.51-3.00
B000783,M00435,1,5,4,3,71,74,1.96,1.84,68.54,win,134.34,65.8,0.0652,1.51-2.00
B000769,M00427,2,4,3,4,72,74,2.46,2.44,44.37,loss,0.0,-44.37,0.0082,2.01-2.50
B000771,M00428,1,5,4,1,72,74,2.24,2.18,82.66,loss,0.0,-82.66,0.0275,2.01-2.50
B000781,M00434,2,1,1,3,72,74,1.24,1.27,119.55,loss,0.0,-119.55,-0.0236,1.01-1.50
B000795,M00441,1,2,1,3,72,75,1.67,1.65,34.67,win,57.9,23.23,0.0121,1.51-2.00
B000765,M00426,5,5,3,4,72,73,3.54,3.25,42.41,loss,0.0,-42.41,0.0892,3.01+
B000768,M00427,3,3,2,4,72,74,1.9,1.89,77.65,loss,0.0,-77.65,0.0053,1.51-2.00
B000792,M00440,1,2,3,4,72,75,1.3,1.24,108.29,win,140.78,32.49,0.0484,1.01-1.50
B000794,M00441,2,3,2,3,72,75,1.05,1.05,149.94,loss,0.0,-149.94,0.0,1.01-1.50
B000785,M00436,1,3,1,3,72,74,1.37,1.3,86.38,loss,0.0,-86.38,0.0538,1.01-1.50
B000779,M00433,2,1,4,1,72,74,2.08,2.09,140.34,loss,0.0,-140.34,-0.0048,2.01-2.50
B000784,M00436,4,2,1,3,72,74,1.42,1.28,64.95,loss,0.0,-64.95,0.1094,1.01-1.50
B000789,M00439,3,2,3,1,73,74,1.77,1.68,61.07,loss,0.0,-61.07,0.0536,1.51-2.00
B000799,M00444,5,1,2,1,73,75,1.5,1.37,55.34,push,55.34,0.0,0.0949,1.01-1.50
B000786,M00437,4,4,4,3,73,74,1.87,1.81,48.63,loss,0.0,-48.63,0.0331,1.51-2.00
B000796,M00442,5,5,4,3,73,75,1.9,1.73,43.2,win,82.08,38.88,0.0983,1.51-2.00
B000764,M00425,4,2,3,1,73,73,2.51,2.32,64.4,loss,0.0,-64.4,0.0819,2.51-3.00
B000773,M00430,4,3,3,1,73,74,1.88,1.73,25.3,win,47.56,22.26,0.0867,1.51-2.00
B000774,M00431,5,5,3,1,73,74,1.38,1.24,51.86,win,71.57,19.71,0.1129,1.01-1.50
B000790,M00439,2,1,4,1,73,74,1.76,1.81,99.08,loss,0.0,-99.08,-0.0276,1.51-2.00
B000767,M00427,4,4,2,4,73,74,2.07,1.91,34.24,loss,0.0,-34.24,0.0838,2.01-2.50
B000770,M00428,4,1,4,1,73,74,2.31,2.1,54.27,loss,0.0,-54.27,0.1,2.01-2.50
B000802,M00447,2,5,1,4,73,75,1.19,1.29,134.5,win,160.05,25.55,-0.0775,1.01-1.50
B000775,M00431,3,1,3,1,74,74,1.28,1.26,68.38,win,87.53,19.15,0.0159,1.01-1.50
B000777,M00432,5,2,4,1,74,74,2.3,2.05,55.47,loss,0.0,-55.47,0.122,2.01-2.50
B000800,M00444,2,3,4,1,74,75,1.92,1.89,54.36,loss,0.0,-54.36,0.0159,1.51-2.00
B000787,M00437,1,4,4,3,74,74,1.91,1.82,119.86,loss,0.0,-119.86,0.0495,1.51-2.00
B000801,M00447,3,2,4,4,74,75,1.88,1.78,87.36,loss,0.0,-87.36,0.0562,1.51-2.00
B000798,M00443,2,5,1,3,74,75,1.76,1.67,132.13,win,232.55,100.42,0.0539,1.51-2.00
B000797,M00442,2,5,1,3,74,75,1.67,1.64,103.02,win,172.04,69.02,0.0183,1.51-2.00
B000793,M00441,4,3,4,3,75,75,1.83,1.68,59.71,win,109.27,49.56,0.0893,1.51-2.00
B000791,M00440,3,3,2,4,75,75,1.15,1.05,80.03,win,92.03,12.0,0.0952,1.01-1.50
B000804,M00448,2,1,3,1,76,79,1.15,1.13,75.58,win,86.92,11.34,0.0177,1.01-1.50
B000824,M00459,3,3,3,1,76,80,1.5,1.46,89.16,win,133.74,44.58,0.0274,1.01-1.50
B000808,M00450,3,1,1,3,76,80,1.15,1.11,92.21,win,106.04,13.83,0.036,1.01-1.50
B000816,M00454,1,1,1,1,76,80,1.11,1.09,107.83,win,119.69,11.86,0.0183,1.01-1.50
B000803,M00448,5,4,4,1,76,79,1.76,1.6,67.13,win,118.15,51.02,0.1,1.51-2.00
B000839,M00467,3,5,3,1,77,80,1.41,1.35,90.86,win,128.11,37.25,0.0444,1.01-1.50
B000820,M00457,1,3,1,1,77,80,1.31,1.3,93.69,loss,0.0,-93.69,0.0077,1.01-1.50
B000807,M00450,5,3,4,3,77,80,2.24,1.98,54.67,win,122.46,67.79,0.1313,2.01-2.50
B000813,M00452,2,1,2,1,77,80,2.06,2.19,102.89,win,211.95,109.06,-0.0594,2.01-2.50
B000835,M00465,1,3,4,3,77,80,1.9,1.85,65.38,win,124.22,58.84,0.027,1.51-2.00
B000817,M00455,3,5,3,1,77,80,1.37,1.25,94.23,win,129.1,34.87,0.096,1.01-1.50
B000822,M00458,3,1,3,1,77,80,3.1,2.85,62.17,win,192.73,130.56,0.0877,3.01+
B000815,M00454,2,2,1,1,77,80,1.06,1.12,122.74,win,130.1,7.36,-0.0536,1.01-1.50
B000810,M00451,5,1,2,4,77,80,8.58,7.8,59.77,loss,0.0,-59.77,0.1,3.01+
B000843,M00471,5,4,3,1,77,81,6.62,5.86,62.53,loss,0.0,-62.53,0.1297,3.01+
B000842,M00470,4,5,4,1,78,81,2.24,2.13,65.79,win,147.37,81.58,0.0516,2.01-2.50
B000836,M00466,5,5,2,1,78,80,1.21,1.07,64.7,win,78.29,13.59,0.1308,1.01-1.50
B000825,M00459,2,5,3,1,78,80,1.41,1.47,99.01,win,139.6,40.59,-0.0408,1.01-1.50
B000841,M00469,2,5,3,1,78,81,6.05,6.0,99.57,loss,0.0,-99.57,0.0083,3.01+
B000821,M00458,5,5,4,1,78,80,2.15,1.94,61.41,win,132.03,70.62,0.1082,2.01-2.50
B000837,M00466,3,1,2,1,78,80,1.12,1.06,103.9,win,116.37,12.47,0.0566,1.01-1.50
B000844,M00471,3,5,2,1,78,81,5.17,4.88,84.07,loss,0.0,-84.07,0.0594,3.01+
B000826,M00459,1,1,2,1,78,80,1.19,1.17,60.32,win,71.78,11.46,0.0171,1.01-1.50
B000814,M00453,2,5,3,1,78,80,2.79,2.9,62.93,win,175.57,112.64,-0.0379,2.51-3.00
B000809,M00450,2,3,1,3,78,80,1.05,1.07,101.14,win,106.2,5.06,-0.0187,1.01-1.50
B000829,M00461,5,3,2,1,78,80,2.4,2.2,55.24,win,132.58,77.34,0.0909,2.01-2.50
B000831,M00464,2,3,1,3,78,80,1.33,1.3,87.66,win,116.59,28.93,0.0231,1.01-1.50
B000806,M00449,2,5,1,3,79,80,1.16,1.11,90.62,win,105.12,14.5,0.045,1.01-1.50
B000823,M00459,5,4,3,1,79,80,1.61,1.44,52.41,win,84.38,31.97,0.1181,1.51-2.00
B000805,M00449,3,3,2,3,79,80,2.24,2.09,55.06,loss,0.0,-55.06,0.0718,2.01-2.50
B000845,M00471,2,3,1,1,79,81,1.36,1.31,54.39,loss,0.0,-54.39,0.0382,1.01-1.50
B000847,M00472,5,1,3,3,79,82,2.22,2.0,54.7,loss,0.0,-54.7,0.11,2.01-2.50
B000830,M00464,4,1,4,3,79,80,2.0,1.84,22.58,win,45.16,22.58,0.087,1.51-2.00
B000827,M00460,3,2,2,1,79,80,1.09,1.05,71.32,win,77.74,6.42,0.0381,1.01-1.50
B000846,M00471,1,5,1,1,79,81,1.35,1.32,45.71,loss,0.0,-45.71,0.0227,1.01-1.50
B000833,M00465,4,4,2,3,79,80,1.36,1.27,77.35,win,105.2,27.85,0.0709,1.01-1.50
B000838,M00467,4,3,1,1,79,80,1.55,1.45,30.52,loss,0.0,-30.52,0.069,1.51-2.00
B000828,M00460,2,1,2,1,79,80,1.1,1.05,87.91,win,96.7,8.79,0.0476,1.01-1.50
B000811,M00451,3,2,3,4,79,80,10.04,9.31,63.81,loss,0.0,-63.81,0.0784,nan
B000812,M00451,2,2,4,4,79,80,2.3,2.11,91.57,win,210.61,119.04,0.09,2.01-2.50
B000834,M00465,3,4,4,3,79,80,1.87,1.78,58.2,win,108.83,50.63,0.0506,1.51-2.00
B000818,M00456,1,3,1,1,80,80,1.6,1.56,70.42,loss,0.0,-70.42,0.0256,1.51-2.00
B000819,M00457,4,4,2,1,80,80,1.19,1.16,37.32,win,44.41,7.09,0.0259,1.01-1.50
B000832,M00464,1,3,1,3,80,80,1.39,1.34,84.52,win,117.48,32.96,0.0373,1.01-1.50
B000840,M00469,4,2,2,1,80,81,5.12,4.79,72.15,loss,0.0,-72.15,0.0689,3.01+
B000851,M00476,4,4,3,1,83,86,2.0,1.83,63.99,win,127.98,63.99,0.0929,1.51-2.00
B000848,M00473,2,2,3,1,83,85,1.26,1.3,90.36,win,113.85,23.49,-0.0308,1.01-1.50
B000852,M00477,5,2,3,1,84,86,2.49,2.26,52.65,loss,0.0,-52.65,0.1018,2.01-2.50
B000854,M00479,1,4,1,1,84,86,1.24,1.22,76.91,win,95.37,18.46,0.0164,1.01-1.50
B000853,M00477,2,2,1,1,84,86,1.12,1.13,115.16,win,128.98,13.82,-0.0088,1.01-1.50
B000855,M00481,2,5,4,1,85,86,1.75,1.81,57.59,loss,0.0,-57.59,-0.0331,1.51-2.00
B000850,M00475,2,5,3,1,86,86,2.18,2.35,108.71,loss,0.0,-108.71,-0.0723,2.01-2.50
B000849,M00475,5,4,2,1,86,86,1.91,1.74,67.52,push,67.52,0.0,0.0977,1.51-2.00
B000857,M00483,2,4,3,1,88,92,1.36,1.43,64.37,win,87.54,23.17,-0.049,1.01-1.50
B000870,M00492,4,3,3,1,89,93,1.15,1.11,84.29,win,96.93,12.64,0.036,1.01-1.50
B000868,M00489,1,1,1,1,90,93,1.15,1.08,66.93,loss,0.0,-66.93,0.0648,1.01-1.50
B000858,M00483,1,2,1,1,90,92,1.46,1.37,40.17,win,58.65,18.48,0.0657,1.01-1.50
B000869,M00491,1,1,1,1,90,93,1.13,1.08,76.83,loss,0.0,-76.83,0.0463,1.01-1.50
B000871,M00493,1,2,4,1,90,93,1.93,1.85,125.56,loss,0.0,-125.56,0.0432,1.51-2.00
B000866,M00488,2,3,1,1,91,93,1.32,1.29,78.61,loss,0.0,-78.61,0.0233,1.01-1.50
B000863,M00487,2,1,1,1,91,93,1.43,1.37,57.9,win,82.8,24.9,0.0438,1.01-1.50
B000856,M00483,4,4,3,1,91,92,1.57,1.47,48.99,win,76.91,27.92,0.068,1.51-2.00
B000872,M00495,2,3,1,1,91,94,1.14,1.18,64.05,win,73.02,8.97,-0.0339,1.01-1.50
B000859,M00484,2,2,2,1,91,93,1.06,1.05,91.85,push,91.85,0.0,0.0095,1.01-1.50
B000865,M00488,4,3,1,1,91,93,1.34,1.28,43.95,loss,0.0,-43.95,0.0469,1.01-1.50
B000874,M00497,3,2,2,1,92,94,2.13,2.0,75.07,push,75.07,0.0,0.065,2.01-2.50
B000861,M00487,5,1,3,1,92,93,1.59,1.4,73.21,win,116.4,43.19,0.1357,1.51-2.00
B000867,M00488,1,4,4,1,92,93,2.1,2.05,120.29,loss,0.0,-120.29,0.0244,2.01-2.50
B000873,M00496,3,3,4,1,92,94,1.97,1.91,65.98,win,129.98,64.0,0.0314,1.51-2.00
B000860,M00485,1,1,1,1,93,93,1.61,1.58,92.06,win,148.22,56.16,0.019,1.51-2.00
B000862,M00487,4,2,2,1,93,93,1.18,1.12,44.78,win,52.84,8.06,0.0536,1.01-1.50
B000864,M00488,5,5,4,1,93,93,2.36,2.1,70.0,loss,0.0,-70.0,0.1238,2.01-2.50
B000875,M00498,3,5,1,1,93,94,1.12,1.09,68.71,win,76.96,8.25,0.0275,1.01-1.50
B000876,M00498,2,5,3,1,93,94,2.48,2.58,91.39,loss,0.0,-91.39,-0.0388,2.01-2.50
